20260719_132423,Productivity,python.exe,Flow Tracker,8
20260719_132423,Productivity,explorer.exe,Program Manager,2
20260719_132423,Productivity,explorer.exe,Ohne Titel,1
20260719_132423,Productivity,pythonw.exe,Hinzufügen,1
20260719_132423,Productivity,pythonw.exe,Benutzer 1 - Anki,3
20260719_132423,Productivity,chrome.exe,Community Solutions - Google Chrome,7
20260719_132423,Productivity,Spotify.exe,Spotify Premium,2
20260719_132423,Productivity,Spotify.exe,Stormzy - Wiley Flow,2
20260719_132423,Productivity,Spotify.exe,KiLLOWEN - Naughties,6
20260719_132423,Productivity,ShellHost.exe,Schnelleinstellungen,11
20260719_132423,Productivity,Spotify.exe,Solee - Pink Panther,11
20260719_132423,Productivity,chrome.exe,Kurs: 151-0908-00L Bioengineering FS2026 | Moodle Course - Google Chrome,3
20260719_132423,Productivity,chrome.exe,Log in to the site | Moodle Course - Google Chrome,2
20260719_132423,Productivity,chrome.exe,Web Login Service - Google Chrome,5
20260719_132423,Productivity,CredentialUIBroker.exe,Windows-Sicherheit,4
20260719_132423,Productivity,python.exe,Score,4
20260719_132423,Productivity,python.exe,Flow Tracker,8
20260719_132423,Productivity,explorer.exe,Program Manager,2
20260719_132423,Productivity,explorer.exe,Ohne Titel,1
20260719_132423,Productivity,pythonw.exe,Hinzufügen,1
20260719_132423,Productivity,pythonw.exe,Benutzer 1 - Anki,3
20260719_132423,Productivity,chrome.exe,Community Solutions - Google Chrome,7
20260719_132423,Productivity,Spotify.exe,Spotify Premium,2
20260719_132423,Productivity,Spotify.exe,Stormzy - Wiley Flow,2
20260719_132423,Productivity,Spotify.exe,KiLLOWEN - Naughties,6
20260719_132423,Productivity,ShellHost.exe,Schnelleinstellungen,11
20260719_132423,Productivity,Spotify.exe,Solee - Pink Panther,11
20260719_132423,Productivity,chrome.exe,Kurs: 151-0908-00L Bioengineering FS2026 | Moodle Course - Google Chrome,3
20260719_132423,Productivity,chrome.exe,Log in to the site | Moodle Course - Google Chrome,2
20260719_132423,Productivity,chrome.exe,Web Login Service - Google Chrome,5
20260719_132423,Productivity,CredentialUIBroker.exe,Windows-Sicherheit,4
20260719_132423,Productivity,python.exe,Score,4
20260719_132713,Bio,python.exe,Flow Tracker,6
20260719_132713,Bio,pythonw.exe,Benutzer 1 - Anki,2
20260719_132713,Bio,chrome.exe,Web Login Service - Google Chrome,2
20260719_132713,Bio,chrome.exe,aai-logon.ethz.ch/idp/profile/SAML2/Redirect/SSO?execution=e1s3 - Google Chrome,1
20260719_132713,Bio,chrome.exe,Kurs: 151-0908-00L Bioengineering FS2026 | Moodle Course - Google Chrome,128
20260719_132713,Bio,chrome.exe,NotebookLM - Google Chrome,965
20260719_132713,Bio,chrome.exe,Diffusionszeit-Formel: Variablen und Bedeutung - Google Gemini - Google Chrome,121
20260719_132713,Bio,chrome.exe,Organisation Selection - Google Chrome,1
20260719_132713,Bio,chrome.exe,aai-logon.ethz.ch/idp/profile/SAML2/Redirect/SSO?execution=e2s1 - Google Chrome,1
20260719_132713,Bio,chrome.exe,Keycloak Administration Console - Google Chrome,1
20260719_132713,Bio,chrome.exe,Sign in to Keycloak - Google Chrome,14
20260719_132713,Bio,CredentialUIBroker.exe,Windows-Sicherheit,3
20260719_132713,Bio,chrome.exe,4_Biosynthesis_Exercise.pdf - Google Chrome,5
20260719_132713,Bio,chrome.exe,Neuer Tab - Google Chrome,2
20260719_132713,Bio,chrome.exe,Home | AMIV an der ETH - Google Chrome,5
20260719_132713,Bio,chrome.exe,Community Solutions - Google Chrome,2
20260719_132713,Bio,chrome.exe,Login Prüfungssammlung - Google Chrome,2
20260719_132713,Bio,chrome.exe,Home Prüfungssammlung - Google Chrome,2
20260719_132713,Bio,chrome.exe,Bioengineering Prüfungssammlung - Google Chrome,15
20260719_132713,Pause,python.exe,Flow Tracker,93
20260719_135044,Pause,python.exe,Flow Tracker,93
20260719_135044,Productivity,python.exe,Flow Tracker,4
20260719_135044,Productivity,python.exe,Score,6
20260719_135044,Pause,python.exe,Flow Tracker,4
20260719_135943,Pause,python.exe,Flow Tracker,4
20260719_135943,Productivity,python.exe,Flow Tracker,2
20260719_135943,Productivity,python.exe,Score,8
20260719_135943,Bio,python.exe,Flow Tracker,134
20260719_135943,Pause,python.exe,Flow Tracker,11
20260719_135943,Pause,pythonw.exe,Benutzer 1 - Anki,3
20260719_135943,Pause,chrome.exe,NotebookLM - Google Chrome,471
20260719_135943,Pause,chrome.exe,Neuer Tab - Google Chrome,140
20260719_135943,Pause,Spotify.exe,Mash - Style Is The Answer - A Deeper Groove Remix,127
20260719_135943,Pause,chrome.exe,Kurs: 151-0908-00L Bioengineering FS2026 | Moodle Course - Google Chrome,28
20260719_135943,Pause,chrome.exe,Ohne Titel,2
20260719_135943,Pause,chrome.exe,Gmail - Google Chrome,2
20260719_135943,Pause,chrome.exe,Posteingang (5) - wgrebhuesliweg@gmail.com - Gmail - Google Chrome,4
20260719_135943,Pause,chrome.exe,"Re: Spreadsheet shared with you: ""WG Castings Rebhüsliweg"" - wgrebhuesliweg@gmail.com - Gmail - Google Chrome",109
20260719_135943,Pause,chrome.exe,Posteingang (4) - wgrebhuesliweg@gmail.com - Gmail - Google Chrome,52
20260719_135943,Pause,chrome.exe,WG-Casting 17.7. - wgrebhuesliweg@gmail.com - Gmail - Google Chrome,28
20260719_135943,Pause,chrome.exe,Markiert - wgrebhuesliweg@gmail.com - Gmail - Google Chrome,41
20260719_135943,Pause,chrome.exe,wgzimmer.ch – Kontaktanfrage | Patty Toscano - wgrebhuesliweg@gmail.com - Gmail - Google Chrome,3
20260719_135943,Pause,chrome.exe,wie vermehren sich aale - Google Suche - Google Chrome,118
20260719_135943,Pause,chrome.exe,Python Lerntracker mit Google Sheets - Google Gemini - Google Chrome,13
20260719_135943,Pause,chrome.exe,bermudas - Google Suche - Google Chrome,5
20260719_135943,Pause,chrome.exe,Google Maps - Google Chrome,1
20260719_135943,Pause,chrome.exe,bermudas - Google Maps - Google Chrome,10
20260719_135943,Pause,chrome.exe,bermudas insel - Google Maps - Google Chrome,28
20260719_135943,Pause,chrome.exe,"Bermuda Aquarium, Museum & Zoo - Google Maps - Google Chrome",5
20260719_135943,Pause,chrome.exe,4_Biosynthesis_Exercise.pdf - Google Chrome,18
20260719_135943,Pause,chrome.exe,Unbenannt - Google Chrome,2
20260719_135943,Pause,chrome.exe,Exam_Jan2024_Signaling.pdf - Google Chrome,323
20260719_135943,Pause,explorer.exe,Programmumschaltung,1
20260719_135943,Pause,chrome.exe,Diffusionszeit-Formel: Variablen und Bedeutung - Google Gemini - Google Chrome,15
20260719_142835,Pause,python.exe,Flow Tracker,11
20260719_142835,Pause,pythonw.exe,Benutzer 1 - Anki,3
20260719_142835,Pause,chrome.exe,NotebookLM - Google Chrome,471
20260719_142835,Pause,chrome.exe,Neuer Tab - Google Chrome,140
20260719_142835,Pause,Spotify.exe,Mash - Style Is The Answer - A Deeper Groove Remix,127
20260719_142835,Pause,chrome.exe,Kurs: 151-0908-00L Bioengineering FS2026 | Moodle Course - Google Chrome,28
20260719_142835,Pause,chrome.exe,Ohne Titel,2
20260719_142835,Pause,chrome.exe,Gmail - Google Chrome,2
20260719_142835,Pause,chrome.exe,Posteingang (5) - wgrebhuesliweg@gmail.com - Gmail - Google Chrome,4
20260719_142835,Pause,chrome.exe,"Re: Spreadsheet shared with you: ""WG Castings Rebhüsliweg"" - wgrebhuesliweg@gmail.com - Gmail - Google Chrome",109
20260719_142835,Pause,chrome.exe,Posteingang (4) - wgrebhuesliweg@gmail.com - Gmail - Google Chrome,52
20260719_142835,Pause,chrome.exe,WG-Casting 17.7. - wgrebhuesliweg@gmail.com - Gmail - Google Chrome,28
20260719_142835,Pause,chrome.exe,Markiert - wgrebhuesliweg@gmail.com - Gmail - Google Chrome,41
20260719_142835,Pause,chrome.exe,wgzimmer.ch – Kontaktanfrage | Patty Toscano - wgrebhuesliweg@gmail.com - Gmail - Google Chrome,3
20260719_142835,Pause,chrome.exe,wie vermehren sich aale - Google Suche - Google Chrome,118
20260719_142835,Pause,chrome.exe,Python Lerntracker mit Google Sheets - Google Gemini - Google Chrome,13
20260719_142835,Pause,chrome.exe,bermudas - Google Suche - Google Chrome,5
20260719_142835,Pause,chrome.exe,Google Maps - Google Chrome,1
20260719_142835,Pause,chrome.exe,bermudas - Google Maps - Google Chrome,10
20260719_142835,Pause,chrome.exe,bermudas insel - Google Maps - Google Chrome,28
20260719_142835,Pause,chrome.exe,"Bermuda Aquarium, Museum & Zoo - Google Maps - Google Chrome",5
20260719_142835,Pause,chrome.exe,4_Biosynthesis_Exercise.pdf - Google Chrome,18
20260719_142835,Pause,chrome.exe,Unbenannt - Google Chrome,2
20260719_142835,Pause,chrome.exe,Exam_Jan2024_Signaling.pdf - Google Chrome,323
20260719_142835,Pause,explorer.exe,Programmumschaltung,1
20260719_142835,Pause,chrome.exe,Diffusionszeit-Formel: Variablen und Bedeutung - Google Gemini - Google Chrome,15
20260719_142835,Productivity,python.exe,Flow Tracker,2
20260719_142835,Productivity,python.exe,Score,2
20260719_142835,Pause,python.exe,Flow Tracker,678
20260719_142835,Productivity,python.exe,Flow Tracker,6
20260719_142835,Productivity,pythonw.exe,Benutzer 1 - Anki,4
20260719_142835,Productivity,chrome.exe,NotebookLM - Google Chrome,1105
20260719_142835,Productivity,Spotify.exe,Spotify Premium,2
20260719_142835,Productivity,Spotify.exe,Kollektiv Turmstrasse - Luechtoorn,2
20260719_142835,Productivity,Spotify.exe,Aleksandir - Yamaha,3
20260719_142835,Productivity,pythonw.exe,Hinzufügen,333
20260719_142835,Productivity,pythonw.exe,Stapel wählen,12
20260719_142835,Productivity,SearchHost.exe,Suche,3
20260719_142835,Productivity,chrome.exe,google sheets werte zählen - Google Suche - Google Chrome,1
20260719_142835,Productivity,chrome.exe,Python Lerntracker mit Google Sheets - Google Gemini - Google Chrome,3
20260719_142835,Productivity,pythonw.exe,Kartenverwaltung (1 von 1 Karten ausgewählt),23
20260719_142835,Productivity,python.exe,Score,2
20260719_142835,Pause,python.exe,Flow Tracker,1732
20260719_142835,Productivity,python.exe,Flow Tracker,14
20260719_142835,Productivity,pythonw.exe,Hinzufügen,141
20260719_142835,Productivity,chrome.exe,NotebookLM - Google Chrome,372
20260719_142835,Productivity,chrome.exe,4_Biosynthesis_Exercise.pdf - Google Chrome,2
20260719_142835,Productivity,chrome.exe,Kurs: 151-0908-00L Bioengineering FS2026 | Moodle Course - Google Chrome,24
20260719_142835,Productivity,chrome.exe,Unbenannt - Google Chrome,2
20260719_142835,Productivity,chrome.exe,PowerPoint Presentation - Google Chrome,376
20260719_142835,Productivity,chrome.exe,Neuer Tab - Google Chrome,2
20260719_142835,Productivity,chrome.exe,moodle-app2.let.ethz.ch/pluginfile.php/2536208/mod_resource/content/1/Summary exercise 4_2026.pdf - Google Chrome,2
20260719_142835,Productivity,chrome.exe,moodle-app2.let.ethz.ch/pluginfile.php/2522594/mod_resource/content/1/Summary exercise 1_2026.pdf - Google Chrome,1
20260719_142835,Productivity,chrome.exe,PowerPoint-Präsentation - Google Chrome,567
20260719_142835,Productivity,explorer.exe,Ohne Titel,2
20260719_142835,Productivity,explorer.exe,Programmumschaltung,6
20260719_142835,Productivity,pythonw.exe,Benutzer 1 - Anki,1
20260719_142835,Productivity,python.exe,Score,3
20260719_142835,Pause,python.exe,Flow Tracker,5455
20260719_142835,Productivity,python.exe,Flow Tracker,9
20260719_142835,Productivity,pythonw.exe,Hinzufügen,6
20260719_142835,Productivity,pythonw.exe,Benutzer 1 - Anki,3927
20260719_142835,Productivity,chrome.exe,PowerPoint Presentation - Google Chrome,2
20260719_142835,Productivity,chrome.exe,Neuer Tab - Google Chrome,4
20260719_142835,Productivity,chrome.exe,solute und solvent keep apart - Google Suche - Google Chrome,41
20260719_142835,Productivity,Unbekannt,Desktop / Unbekannt,1
20260719_142835,Productivity,Taskmgr.exe,Task-Manager,31
20260719_142835,Productivity,Spotify.exe,Omeria - Camino,46
20260719_142835,Productivity,chrome.exe,Google Übersetzer - Google Chrome,28
20260719_142835,Productivity,pythonw.exe,Angezeigte Karte bearbeiten,220
20260719_142835,Productivity,chrome.exe,Diffusionszeit-Formel: Variablen und Bedeutung - Google Gemini - Google Chrome,110
20260719_142835,Productivity,Spotify.exe,Adama - Deep Circles,2
20260719_142835,Productivity,python.exe,Score,3
20260719_142835,Productivity,python.exe,Flow Tracker,9
20260719_142835,Productivity,pythonw.exe,Hinzufügen,6
20260719_142835,Productivity,pythonw.exe,Benutzer 1 - Anki,3927
20260719_142835,Productivity,chrome.exe,PowerPoint Presentation - Google Chrome,2
20260719_142835,Productivity,chrome.exe,Neuer Tab - Google Chrome,4
20260719_142835,Productivity,chrome.exe,solute und solvent keep apart - Google Suche - Google Chrome,41
20260719_142835,Productivity,Unbekannt,Desktop / Unbekannt,1
20260719_142835,Productivity,Taskmgr.exe,Task-Manager,31
20260719_142835,Productivity,Spotify.exe,Omeria - Camino,46
20260719_142835,Productivity,chrome.exe,Google Übersetzer - Google Chrome,28
20260719_142835,Productivity,pythonw.exe,Angezeigte Karte bearbeiten,220
20260719_142835,Productivity,chrome.exe,Diffusionszeit-Formel: Variablen und Bedeutung - Google Gemini - Google Chrome,110
20260719_142835,Productivity,Spotify.exe,Adama - Deep Circles,2
20260719_142835,Productivity,python.exe,Score,3
20260719_184807,Productivity,python.exe,Flow Tracker,3
20260719_184807,Productivity,python.exe,Score,3
20260719_184807,Productivity,python.exe,Flow Tracker,3
20260719_184807,Productivity,python.exe,Score,3
20260719_185111,Pause,python.exe,Flow Tracker,2
20260719_185111,Productivity,python.exe,Flow Tracker,3
20260719_185111,Productivity,python.exe,Score,2
20260719_185111,Pause,python.exe,Flow Tracker,2
20260719_185111,Pause,python.exe,Flow Tracker,2
20260719_185256,Productivity,python.exe,Flow Tracker,4
20260719_185256,Productivity,python.exe,Session Abschluss,5
20260719_185256,Pause,python.exe,Flow Tracker,4
20260719_185256,Productivity,python.exe,Flow Tracker,4
20260719_185256,Mittag Essen,python.exe,Flow Tracker,2
20260719_185256,Mittag Essen,python.exe,Flow Tracker,2
20260719_185625,Productivity,python.exe,Flow Tracker,9
20260719_185625,Productivity,Code.exe,main.py - Try 1 - Visual Studio Code,1
20260719_185625,Productivity,explorer.exe,Programmumschaltung,1
20260719_185625,Productivity,chrome.exe,Python Lern-Tracker mit GUI - Google Gemini - Google Chrome,56
20260719_185625,Pause,python.exe,Flow Tracker,2
20260719_185625,Productivity,python.exe,Flow Tracker,3
20260719_185625,Productivity,python.exe,Flow Tracker,3
20260719_185911,Bio,python.exe,Flow Tracker,1
20260719_185921,Bio,python.exe,Flow Tracker,1
20260719_185921,Bio,python.exe,Flow Tracker,1
20260719_190218,Productivity,python.exe,Flow Tracker,4
20260719_190218,Pause,python.exe,Flow Tracker,1
20260719_190218,Mittag Essen,python.exe,Flow Tracker,1
20260719_190218,Mittag Essen,python.exe,Flow Tracker,1
20260720_114738,Productivity,python.exe,Flow Tracker,4
20260720_114754,Productivity,python.exe,Flow Tracker,4
20260720_114754,Pause,python.exe,Flow Tracker,1
20260720_114754,Productivity,python.exe,Flow Tracker,90
20260720_114754,Productivity,explorer.exe,Program Manager,7
20260720_114754,Productivity,chrome.exe,Google Kalender - August 2026 - Google Chrome,7
20260720_114754,Productivity,Spotify.exe,Spotify Premium,7
20260720_114754,Productivity,Spotify.exe,DJ X - Hallo,11
20260720_114754,Productivity,Spotify.exe,Ion Miles - Jedes Jahr,20
20260720_114754,Productivity,Spotify.exe,Brainy - Mental Peak,9
20260720_114754,Productivity,chrome.exe,Neuer Tab - Google Chrome,11
20260720_114754,Productivity,chrome.exe,40 hz study music - Google Suche - Google Chrome,6
20260720_114754,Productivity,chrome.exe,youtube.com/watch?v=Z8ANihFXlgU - Google Chrome,1
20260720_114754,Productivity,chrome.exe,"[ 40Hz ] GAMMA Binaural Beats, Ambient Study Music for Focus and Concentration - YouTube - Google Chrome",6
20260720_114754,Productivity,explorer.exe,Ohne Titel,1
20260720_114754,Productivity,chrome.exe,"(19) [ 40Hz ] GAMMA Binaural Beats, Ambient Study Music for Focus and Concentration - YouTube - Google Chrome",61
20260720_114754,Productivity,chrome.exe,ETH Zürich - myStudies - Belegungen bearbeiten - Google Chrome,2
20260720_114754,Productivity,chrome.exe,ductility - Google Suche - Google Chrome,3
20260720_114754,Productivity,chrome.exe,Materials_Cheatsheet.pdf - Google Chrome,6
20260720_114754,Productivity,chrome.exe,Materials - Gemini Notebook - Google Chrome,427
20260720_114754,Productivity,chrome.exe,Study guide for Materials for Mechanical Engineers 2025 final.pdf - Google Chrome,18
20260720_114754,Productivity,chrome.exe,Kurs: 327-3002-00L Materials for Mechanical Engineers FS2026 | Moodle Course - Google Chrome,38
20260720_114754,Productivity,chrome.exe,Google Sheets - Google Chrome,5
20260720_114754,Productivity,chrome.exe,Studium - Google Sheets - Google Chrome,60
20260720_114754,Productivity,chrome.exe,Materials_Cheatsheet - Online LaTeX Editor Overleaf - Google Chrome,203
20260720_114754,Productivity,chrome.exe,Error 500 (Serverfehler)!!1 - Google Chrome,2
20260720_114754,Productivity,chrome.exe,‎Google Gemini - Google Chrome,1
20260720_114754,Productivity,chrome.exe,Google Gemini - Google Chrome,1
20260720_114754,Productivity,chrome.exe,Keramikherstellung: Aufgabe und Zielkonflikt - Google Gemini - Google Chrome,1
20260720_114754,Productivity,chrome.exe,moodle-app2.let.ethz.ch/pluginfile.php/2469070/mod_resource/content/1/M_for_ME_19.pdf - Google Chrome,1
20260720_114754,Productivity,chrome.exe,Microsoft Word - M@Work_Mat_Sel_Ex_2015.docx - Google Chrome,332
20260720_114754,Productivity,Unbekannt,Desktop / Unbekannt,3
20260720_114754,Productivity,LockApp.exe,Windows-Standardsperrbildschirm,1
20260720_114754,Productivity,python.exe,Session Abschluss,4
20260720_114754,Pause,python.exe,Flow Tracker,301
20260720_114754,Pause,Unbekannt,Desktop / Unbekannt,309
20260720_114754,Pause,LockApp.exe,Windows-Standardsperrbildschirm,2
20260720_114754,Productivity,python.exe,Flow Tracker,12
20260720_114754,Productivity,chrome.exe,Microsoft Word - M@Work_Mat_Sel_Ex_2015.docx - Google Chrome,977
20260720_114754,Productivity,chrome.exe,"(19) [ 40Hz ] GAMMA Binaural Beats, Ambient Study Music for Focus and Concentration - YouTube - Google Chrome",9
20260720_114754,Productivity,Spotify.exe,Spotify Premium,3
20260720_114754,Productivity,Spotify.exe,Klanglos - Acid Trip,4
20260720_114754,Productivity,chrome.exe,Materials_Cheatsheet.pdf - Google Chrome,6
20260720_114754,Productivity,chrome.exe,Materials - Gemini Notebook - Google Chrome,3
20260720_114754,Productivity,chrome.exe,Study guide for Materials for Mechanical Engineers 2025 final.pdf - Google Chrome,12
20260720_114754,Productivity,chrome.exe,Kurs: 327-3002-00L Materials for Mechanical Engineers FS2026 | Moodle Course - Google Chrome,32
20260720_114754,Productivity,chrome.exe,Log in to the site | Moodle Course - Google Chrome,1
20260720_114754,Productivity,chrome.exe,Keramikherstellung: Aufgabe und Zielkonflikt - Google Gemini - Google Chrome,1
20260720_114754,Productivity,chrome.exe,nominellen Spannung - Google Suche - Google Chrome,1
20260720_114754,Productivity,chrome.exe,Materials_Cheatsheet - Online LaTeX Editor Overleaf - Google Chrome,89
20260720_114754,Productivity,chrome.exe,Neuer Tab - Google Chrome,6
20260720_114754,Productivity,chrome.exe,Gmail - Google Chrome,2
20260720_114754,Productivity,chrome.exe,ETH Zürich - myStudies - Ungültige Sitzung - Google Chrome,2
20260720_114754,Productivity,chrome.exe,ETH Zürich - myStudies - Login - Google Chrome,1
20260720_114754,Productivity,chrome.exe,aai-logon.ethz.ch/idp/profile/SAML2/POST/SSO?execution=e1s2 - Google Chrome,1
20260720_114754,Productivity,chrome.exe,ETH Zürich - myStudies - Willkommen - Google Chrome,2
20260720_114754,Productivity,chrome.exe,ETH Zürich - myStudies - Immatrikulation - Google Chrome,2
20260720_114754,Productivity,chrome.exe,ETH Zürich - myStudies - Belegungen bearbeiten - Google Chrome,17
20260720_114754,Productivity,chrome.exe,Vorlesungsverzeichnis - ETH Zürich - Google Chrome,20
20260720_114754,Productivity,chrome.exe,moodle-app2.let.ethz.ch/pluginfile.php/2469071/mod_resource/content/1/M%40Work_Mat_Sel_Ex_plus_sol copy.pdf - Google Chrome,1
20260720_114754,Productivity,chrome.exe,Unit 5: Selecting Materials - Google Chrome,307
20260720_114754,Productivity,explorer.exe,Program Manager,1
20260720_114754,Productivity,python.exe,Session Abschluss,5
20260720_114754,Pause,python.exe,Flow Tracker,308
20260720_114754,Productivity,python.exe,Flow Tracker,14
20260720_114754,Productivity,explorer.exe,Program Manager,5
20260720_114754,Productivity,chrome.exe,Unit 5: Selecting Materials - Google Chrome,844
20260720_114754,Productivity,chrome.exe,Kurs: 327-3002-00L Materials for Mechanical Engineers FS2026 | Moodle Course - Google Chrome,4
20260720_114754,Productivity,chrome.exe,"(19) [ 40Hz ] GAMMA Binaural Beats, Ambient Study Music for Focus and Concentration - YouTube - Google Chrome",44
20260720_114754,Productivity,Spotify.exe,Brainy - Clear Mind,7
20260720_114754,Productivity,Spotify.exe,Dusty Kid - Pantagruel,3
20260720_114754,Productivity,chrome.exe,Materials_Cheatsheet - Online LaTeX Editor Overleaf - Google Chrome,339
20260720_114754,Productivity,chrome.exe,Keramikherstellung: Aufgabe und Zielkonflikt - Google Gemini - Google Chrome,107
20260720_114754,Productivity,chrome.exe,Materials_Cheatsheet.pdf - Google Chrome,19
20260720_114754,Productivity,chrome.exe,Materials - Gemini Notebook - Google Chrome,46
20260720_114754,Productivity,chrome.exe,Study guide for Materials for Mechanical Engineers 2025 final.pdf - Google Chrome,33
20260720_114754,Productivity,chrome.exe,Log in to the site | Moodle Course - Google Chrome,2
20260720_114754,Productivity,chrome.exe,Microsoft Word - M@Work_Mat_Sel_Ex_2015.docx - Google Chrome,15
20260720_114754,Productivity,chrome.exe,Speichern unter,1
20260720_114754,Productivity,chrome.exe,Öffnen,3
20260720_114754,Productivity,Spotify.exe,Imaginarium - Ultimate Purpose,10
20260720_114754,Productivity,ONENOTE.EXE,Stift-Symbolleiste,2
20260720_114754,Productivity,chrome.exe,Neuer Tab - Google Chrome,5
20260720_114754,Productivity,chrome.exe,ETH Zürich - myStudies - Ungültige Sitzung - Google Chrome,2
20260720_114754,Productivity,chrome.exe,ETH Zürich - myStudies - Login - Google Chrome,2
20260720_114754,Productivity,chrome.exe,Web Login Service - Loading Session Information - Google Chrome,1
20260720_114754,Productivity,chrome.exe,ETH Zürich - myStudies - Willkommen - Google Chrome,4
20260720_114754,Productivity,chrome.exe,ETH Zürich - myStudies - Immatrikulation - Google Chrome,19
20260720_114754,Productivity,chrome.exe,ETH Zürich - myStudies - Studienüberblick - Google Chrome,12
20260720_114754,Productivity,chrome.exe,ETH Zürich - myStudies - Leistungsüberblick - Google Chrome,153
20260720_114754,Productivity,python.exe,Session Abschluss,6
20260720_114754,Pause,python.exe,Flow Tracker,303
20260720_114754,Pause,Unbekannt,Desktop / Unbekannt,307
20260720_114754,Pause,LockApp.exe,Windows-Standardsperrbildschirm,2
20260720_114754,Pause,explorer.exe,UnlockingWindow,1
20260720_114754,Productivity,python.exe,Flow Tracker,198
20260720_114754,Productivity,Code.exe,main.py - Try 1 - Visual Studio Code,1
20260720_114754,Productivity,explorer.exe,Programmumschaltung,1
20260720_114754,Productivity,explorer.exe,Program Manager,4
20260720_114754,Productivity,chrome.exe,Materials_Cheatsheet - Online LaTeX Editor Overleaf - Google Chrome,88
20260720_114754,Productivity,chrome.exe,Study guide for Materials for Mechanical Engineers 2025 final.pdf - Google Chrome,19
20260720_114754,Productivity,chrome.exe,Kurs: 327-3002-00L Materials for Mechanical Engineers FS2026 | Moodle Course - Google Chrome,27
20260720_114754,Productivity,chrome.exe,Unbenannt - Google Chrome,1
20260720_114754,Productivity,chrome.exe,Exercises Ductility Materials for Engineers.pdf - Google Chrome,192
20260720_114754,Productivity,chrome.exe,Keramikherstellung: Aufgabe und Zielkonflikt - Google Gemini - Google Chrome,163
20260720_114754,Productivity,chrome.exe,Log in to the site | Moodle Course - Google Chrome,1
20260720_114754,Productivity,chrome.exe,nominellen Spannung - Google Suche - Google Chrome,1
20260720_114754,Productivity,chrome.exe,Microsoft Word - M@Work_Mat_Sel_Ex_2015.docx - Google Chrome,3
20260720_114754,Productivity,chrome.exe,Neuer Tab - Google Chrome,1
20260720_114754,Productivity,chrome.exe,derive - Google Suche - Google Chrome,3
20260720_114754,Productivity,chrome.exe,Materials - Gemini Notebook - Google Chrome,38
20260720_114754,Productivity,chrome.exe,moodle-app2.let.ethz.ch/pluginfile.php/2469076/mod_resource/content/2/Materials for Engineers Ductility.pdf - Google Chrome,3
20260720_114754,Productivity,chrome.exe,Materials for Engineers Ductility.pdf - Google Chrome,7
20260720_114754,Productivity,chrome.exe,Speichern unter,1
20260720_114754,Productivity,chrome.exe,Gemini Notebook - Google Chrome,330
20260720_114754,Productivity,chrome.exe,Aktueller Downloadverlauf,2
20260720_114754,Productivity,SearchHost.exe,Suche,1
20260720_114754,Productivity,explorer.exe,Ohne Titel,14
20260720_114754,Productivity,pythonw.exe,Überprüfung läuft …,1
20260720_114754,Productivity,pythonw.exe,Benutzer 1 - Anki,240
20260720_114754,Productivity,python.exe,Session Abschluss,5
20260720_114754,Mittag Essen,python.exe,Flow Tracker,301
20260720_114754,Mittag Essen,Unbekannt,Desktop / Unbekannt,614
20260720_114754,Mittag Essen,LockApp.exe,Windows-Standardsperrbildschirm,1
20260720_114754,Productivity,python.exe,Flow Tracker,12
20260720_114754,Productivity,pythonw.exe,Benutzer 1 - Anki,13
20260720_114754,Productivity,chrome.exe,Keramikherstellung: Aufgabe und Zielkonflikt - Google Gemini - Google Chrome,246
20260720_114754,Productivity,pythonw.exe,Hinzufügen,320
20260720_114754,Productivity,pythonw.exe,Stapel wählen,7
20260720_114754,Productivity,chrome.exe,Neuer Tab - Google Chrome,5
20260720_114754,Productivity,chrome.exe,Google Übersetzer - Google Chrome,39
20260720_114754,Productivity,Spotify.exe,Spotify Premium,1
20260720_114754,Productivity,Spotify.exe,Mark Reeve - Metron,3
20260720_114754,Productivity,Spotify.exe,GRAViiTY - The Passenger,3
20260720_114754,Productivity,chrome.exe,Materials_Cheatsheet - Online LaTeX Editor Overleaf - Google Chrome,53
20260720_114754,Productivity,explorer.exe,Aktive Anwendungen,1
20260720_114754,Productivity,explorer.exe,Programmumschaltung,3
20260720_114754,Productivity,chrome.exe,Gemini Notebook - Google Chrome,440
20260720_114754,Productivity,chrome.exe,Study guide for Materials for Mechanical Engineers 2025 final.pdf - Google Chrome,33
20260720_114754,Productivity,chrome.exe,Exercises Ductility Materials for Engineers.pdf - Google Chrome,6
20260720_114754,Productivity,chrome.exe,Kurs: 327-3002-00L Materials for Mechanical Engineers FS2026 | Moodle Course - Google Chrome,9
20260720_114754,Productivity,chrome.exe,Unbenannt - Google Chrome,1
20260720_114754,Productivity,chrome.exe,moodle-app2.let.ethz.ch/pluginfile.php/2469076/mod_resource/content/2/Materials for Engineers Ductility.pdf - Google Chrome,1
20260720_114754,Productivity,chrome.exe,Materials for Engineers Ductility.pdf - Google Chrome,202
20260720_114754,Productivity,chrome.exe,327-3002-00L 2026S: Lecturers | Moodle Course - Google Chrome,11
20260720_114754,Productivity,chrome.exe,Abschnitt: Allgemeines | 327-3002-00L Materials for Mechanical Engineers FS2026 | Moodle Course - Google Chrome,6
20260720_114754,Productivity,chrome.exe,DMAVT Lecture Plan 2026 - Google Chrome,2
20260720_114754,Productivity,chrome.exe,Ankündigungen | Moodle Course - Google Chrome,81
20260720_114754,Productivity,python.exe,Session Abschluss,5
20260720_114754,Pause,python.exe,Flow Tracker,58
20260720_114754,Pause,LockApp.exe,Windows-Standardsperrbildschirm,259
20260720_114754,Pause,Unbekannt,Desktop / Unbekannt,2
20260720_114754,Productivity,python.exe,Flow Tracker,9
20260720_114754,Productivity,pythonw.exe,Hinzufügen,201
20260720_114754,Productivity,chrome.exe,Gemini Notebook - Google Chrome,631
20260720_114754,Productivity,explorer.exe,Ohne Titel,2
20260720_114754,Productivity,ShellExperienceHost.exe,Sprungliste für Spotify,1
20260720_114754,Productivity,Spotify.exe,Spotify Premium,3
20260720_114754,Productivity,Spotify.exe,Dusty Kid - Kollera,3
20260720_114754,Productivity,chrome.exe,Exercises Ductility Materials for Engineers.pdf - Google Chrome,5
20260720_114754,Productivity,chrome.exe,Study guide for Materials for Mechanical Engineers 2025 final.pdf - Google Chrome,10
20260720_114754,Productivity,chrome.exe,nominellen Spannung - Google Suche - Google Chrome,5
20260720_114754,Productivity,explorer.exe,Programmumschaltung,2
20260720_114754,Productivity,chrome.exe,Materials for Engineers Ductility.pdf - Google Chrome,63
20260720_114754,Productivity,chrome.exe,Neuer Tab - Google Chrome,4
20260720_114754,Productivity,chrome.exe,moodle-app2.let.ethz.ch/pluginfile.php/2469076/mod_resource/content/2/Materials for Engineers Ductility.pdf - Google Chrome,1
20260720_114754,Productivity,chrome.exe,Ankündigungen | Moodle Course - Google Chrome,14
20260720_114754,Productivity,chrome.exe,Keramikherstellung: Aufgabe und Zielkonflikt - Google Gemini - Google Chrome,4
20260720_114754,Productivity,chrome.exe,Kurs: 327-3002-00L Materials for Mechanical Engineers FS2026 | Moodle Course - Google Chrome,10
20260720_114754,Productivity,chrome.exe,Solutions for Ductility.pdf - Google Chrome,173
20260720_114754,Productivity,chrome.exe,Materials_Cheatsheet - Online LaTeX Editor Overleaf - Google Chrome,5
20260720_114754,Productivity,Spotify.exe,Danny Tenaglia - Dibiza - Oscar L Remix,2
20260720_114754,Productivity,Spotify.exe,DJ X - Als Nächstes,2
20260720_114754,Productivity,chrome.exe,Kubisch-flächenzentriert - Google Suche - Google Chrome,22
20260720_114754,Productivity,chrome.exe,Hexagonal dichteste Packung - Google Suche - Google Chrome,21
20260720_114754,Productivity,ShellHost.exe,Schnelleinstellungen,3
20260720_114754,Productivity,chrome.exe,studyflix.de/chemie/hexagonal-dichteste-packung-5399 - Google Chrome,1
20260720_114754,Productivity,chrome.exe,Hexagonal dichteste Packung • Erklärung und Beispiele · [mit Video] - Google Chrome,299
20260720_114754,Productivity,python.exe,Session Abschluss,4
20260720_114754,Pause,python.exe,Flow Tracker,301
20260720_114754,Pause,Unbekannt,Desktop / Unbekannt,145
20260720_114754,Pause,LockApp.exe,Windows-Standardsperrbildschirm,1
20260720_114754,Productivity,python.exe,Flow Tracker,6
20260720_114754,Productivity,pythonw.exe,Hinzufügen,16
20260720_114754,Productivity,chrome.exe,Hexagonal dichteste Packung • Erklärung und Beispiele · [mit Video] - Google Chrome,95
20260720_114754,Productivity,chrome.exe,Phasendiagramm Wasser · Aufbau & Erklärung · [mit Video] - Google Chrome,178
20260720_114754,Productivity,Spotify.exe,Spotify Premium,1
20260720_114754,Productivity,Spotify.exe,Kaspar - Morpheus,2
20260720_114754,Productivity,chrome.exe,Zustandsdiagramm Werkstoffkunde | Studyflix.de · [mit Video] - Google Chrome,1
20260720_114754,Productivity,chrome.exe,Hexagonal dichteste Packung - Google Suche - Google Chrome,4
20260720_114754,Productivity,chrome.exe,Materials for Engineers Ductility.pdf - Google Chrome,3
20260720_114754,Productivity,chrome.exe,Gemini Notebook - Google Chrome,4
20260720_114754,Productivity,chrome.exe,Materials_Cheatsheet - Online LaTeX Editor Overleaf - Google Chrome,488
20260720_114754,Productivity,chrome.exe,Study guide for Materials for Mechanical Engineers 2025 final.pdf - Google Chrome,2
20260720_114754,Productivity,chrome.exe,Kubisch-flächenzentriert - Google Suche - Google Chrome,23
20260720_114754,Productivity,chrome.exe,Kubisch-flächen/raum zentriert Hexagonal dichteste packung - Google Suche - Google Chrome,20
20260720_114754,Productivity,SnippingTool.exe,Snipping Tool Überlagerung,22
20260720_114754,Productivity,ONENOTE.EXE,Stift-Symbolleiste,2
20260720_114754,Productivity,ONENOTE.EXE,Was muss drauf  - OneNote,85
20260720_114754,Productivity,explorer.exe,Programmumschaltung,1
20260720_114754,Productivity,chrome.exe,Keramikherstellung: Aufgabe und Zielkonflikt - Google Gemini - Google Chrome,280
20260720_114754,Productivity,python.exe,Session Abschluss,4
20260720_114754,Pause,python.exe,Flow Tracker,130
20260720_114754,Productivity,python.exe,Flow Tracker,8
20260720_114754,Productivity,pythonw.exe,Hinzufügen,2
20260720_114754,Productivity,chrome.exe,Materials_Cheatsheet - Online LaTeX Editor Overleaf - Google Chrome,280
20260720_114754,Productivity,chrome.exe,Keramikherstellung: Aufgabe und Zielkonflikt - Google Gemini - Google Chrome,94
20260720_114754,Productivity,chrome.exe,Gemini Notebook - Google Chrome,273
20260720_114754,Productivity,explorer.exe,Ohne Titel,2
20260720_114754,Productivity,explorer.exe,Start – Datei-Explorer,4
20260720_114754,Productivity,explorer.exe,Bilder – Datei-Explorer,2
20260720_114754,Productivity,explorer.exe,C:\Users\tglue\Pictures\Screenshots – Datei-Explorer,12
20260720_114754,Productivity,SearchHost.exe,Suche,7
20260720_114754,Productivity,chrome.exe,Neuer Tab - Google Chrome,210
20260720_114754,Productivity,WINWORD.EXE,Ohne Titel,1
20260720_114754,Productivity,WINWORD.EXE,Öffnen - Word,1
20260720_114754,Productivity,WINWORD.EXE,Word,11
20260720_114754,Productivity,WINWORD.EXE,Dokument1 - Word,40
20260720_114754,Productivity,chrome.exe,Google Übersetzer - Google Chrome,3
20260720_114754,Productivity,chrome.exe,"(19) [ 40Hz ] GAMMA Binaural Beats, Ambient Study Music for Focus and Concentration - YouTube - Google Chrome",1
20260720_114754,Productivity,chrome.exe,"[ 40Hz ] GAMMA Binaural Beats, Ambient Study Music for Focus and Concentration - YouTube - Google Chrome",4
20260720_114754,Productivity,python.exe,Session Abschluss,5
20260720_114754,Pause,python.exe,Flow Tracker,300
20260720_114754,Pause,Unbekannt,Desktop / Unbekannt,319
20260720_114754,Pause,LockApp.exe,Windows-Standardsperrbildschirm,5
20260720_114754,Pause,python.exe,Flow Tracker,300
20260720_114754,Pause,Unbekannt,Desktop / Unbekannt,319
20260720_114754,Pause,LockApp.exe,Windows-Standardsperrbildschirm,5
20260721_110036,Productivity,python.exe,Flow Tracker,6
20260721_110036,Productivity,chrome.exe,Gemini Notebook - Google Chrome,504
20260721_110036,Productivity,chrome.exe,Neuer Tab - Google Chrome,1
20260721_110036,Productivity,chrome.exe,Kubisch-flächen/raum zentriert Hexagonal dichteste packung - Google Suche - Google Chrome,14
20260721_110036,Productivity,chrome.exe,Miller-Indizes - Google Suche - Google Chrome,15
20260721_110036,Productivity,ShellHost.exe,Schnelleinstellungen,13
20260721_110036,Productivity,chrome.exe,studyflix.de/chemie/millersche-indizes-gitterebenen-668 - Google Chrome,1
20260721_110036,Productivity,chrome.exe,Millersche Indizes - Gitterebenen: Formel & Beispiel · [mit Video] - Google Chrome,526
20260721_110036,Productivity,System/Unbekannt,Setup,59
20260721_110036,Productivity,ShellExperienceHost.exe,Neue Benachrichtigung,3
20260721_110036,Productivity,chrome.exe,Materials_Cheatsheet - Online LaTeX Editor Overleaf - Google Chrome,288
20260721_110036,Productivity,WINWORD.EXE,Dokument1 - Word,13
20260721_110036,Productivity,Spotify.exe,Spotify Premium,2
20260721_110036,Productivity,Spotify.exe,Skepta - Over the Top,5
20260721_110036,Productivity,Spotify.exe,Blanco - Brilliant Mind,1
20260721_110036,Productivity,chrome.exe,Keramikherstellung: Aufgabe und Zielkonflikt - Google Gemini - Google Chrome,46
20260721_110036,Productivity,chrome.exe,Kurs: 327-3002-00L Materials for Mechanical Engineers FS2026 | Moodle Course - Google Chrome,53
20260721_110036,Productivity,chrome.exe,Study guide for Materials for Mechanical Engineers 2025 final.pdf - Google Chrome,19
20260721_110036,Productivity,chrome.exe,Log in to the site | Moodle Course - Google Chrome,2
20260721_110036,Productivity,chrome.exe,Web Login Service - Google Chrome,3
20260721_110036,Productivity,CredentialUIBroker.exe,Windows-Sicherheit,3
20260721_110036,Productivity,chrome.exe,aai-logon.ethz.ch/idp/profile/SAML2/Redirect/SSO?execution=e1s3 - Google Chrome,1
20260721_110036,Productivity,LockApp.exe,Windows-Standardsperrbildschirm,5
20260721_110036,Productivity,Unbekannt,Desktop / Unbekannt,2
20260721_110036,Productivity,pythonw.exe,Benutzer 1 - Anki,2
20260721_110036,Productivity,python.exe,Session Abschluss,4
20260721_110036,Pause,python.exe,Flow Tracker,39
20260721_110036,Pause,Unbekannt,Desktop / Unbekannt,5
20260721_110036,Pause,LockApp.exe,Windows-Standardsperrbildschirm,232
20260721_110036,Productivity,python.exe,Flow Tracker,4
20260721_110036,Productivity,pythonw.exe,Benutzer 1 - Anki,4
20260721_110036,Productivity,chrome.exe,Gemini Notebook - Google Chrome,741
20260721_110036,Productivity,Spotify.exe,Spotify Premium,2
20260721_110036,Productivity,Spotify.exe,Skepta - Glow In The Dark,3
20260721_110036,Productivity,Spotify.exe,Central Cee - 6 For 6,5
20260721_110036,Productivity,chrome.exe,Keramikherstellung: Aufgabe und Zielkonflikt - Google Gemini - Google Chrome,10
20260721_110036,Productivity,chrome.exe,Kurs: 327-3002-00L Materials for Mechanical Engineers FS2026 | Moodle Course - Google Chrome,83
20260721_110036,Productivity,chrome.exe,Materials_Cheatsheet - Online LaTeX Editor Overleaf - Google Chrome,556
20260721_110036,Productivity,chrome.exe,Aktueller Downloadverlauf,7
20260721_110036,Productivity,Spotify.exe,Sainté - No Love,3
20260721_110036,Productivity,pythonw.exe,Hinzufügen,67
20260721_110036,Productivity,pythonw.exe,Stapel wählen,4
20260721_110036,Productivity,chrome.exe,moodle-app2.let.ethz.ch/pluginfile.php/2469079/mod_resource/content/2/Solutions for Ductility.pdf - Google Chrome,1
20260721_110036,Productivity,chrome.exe,Solutions for Ductility.pdf - Google Chrome,3
20260721_110036,Productivity,chrome.exe,Speichern unter,13
20260721_110036,Productivity,chrome.exe,moodle-app2.let.ethz.ch/pluginfile.php/2469105/mod_resource/content/3/Mechanics Ceramics Exercises Solutions.pdf - Google Chrome,1
20260721_110036,Productivity,chrome.exe,Mechanics Ceramics Exercises Solutions - Google Chrome,4
20260721_110036,Productivity,chrome.exe,moodle-app2.let.ethz.ch/pluginfile.php/2469098/mod_resource/content/3/Processing Ceramics Exercises Solutions.pdf - Google Chrome,1
20260721_110036,Productivity,chrome.exe,Processing Ceramics Exercises Solutions - Google Chrome,6
20260721_110036,Productivity,chrome.exe,Unbenannt - Google Chrome,2
20260721_110036,Productivity,chrome.exe,Exercises_MAVT_solutions.pdf - Google Chrome,12
20260721_110036,Productivity,chrome.exe,moodle-app2.let.ethz.ch/pluginfile.php/2552973/mod_resource/content/1/Biological Materials Exercises 2026 Solutions.pdf - Google Chrome,1
20260721_110036,Productivity,chrome.exe,Biological Materials Exercises 2026 Solutions - Google Chrome,5
20260721_110036,Productivity,chrome.exe,moodle-app2.let.ethz.ch/pluginfile.php/2555357/mod_resource/content/1/Robotic Materials Course MAVT exercise_with answers.pdf - Google Chrome,1
20260721_110036,Productivity,chrome.exe,Robotic Materials Course MAVT exercise_with answers.pdf - Google Chrome,6
20260721_110036,Productivity,chrome.exe,moodle-app2.let.ethz.ch/pluginfile.php/2469089/mod_resource/content/3/Solutions to Exercises Materials for heat engines.pdf - Google Chrome,1
20260721_110036,Productivity,chrome.exe,Solutions to Exercises Materials for heat engines.pdf - Google Chrome,3
20260721_110036,Productivity,chrome.exe,moodle-app2.let.ethz.ch/pluginfile.php/2469112/mod_resource/content/1/Lecture_LCPs.pdf - Google Chrome,2
20260721_110036,Productivity,chrome.exe,Lecture_LCPs - Google Chrome,3
20260721_110036,Productivity,chrome.exe,moodle-app2.let.ethz.ch/pluginfile.php/2469116/mod_resource/content/1/excmateng.pdf - Google Chrome,1
20260721_110036,Productivity,chrome.exe,Foams and Aerogels - Google Chrome,4
20260721_110036,Productivity,chrome.exe,moodle-app2.let.ethz.ch/pluginfile.php/2469091/mod_resource/content/1/Materials for Engineers Self Healing Materials.pdf - Google Chrome,1
20260721_110036,Productivity,chrome.exe,Materials for Engineers Self Healing Materials.pdf - Google Chrome,2
20260721_110036,Productivity,explorer.exe,C:\Users\tglue\Pictures\Screenshots – Datei-Explorer,3
20260721_110036,Productivity,explorer.exe,Start und 1 weitere Registerkarte – Explorer,2
20260721_110036,Productivity,explorer.exe,Downloads und 1 weitere Registerkarte – Explorer,31
20260721_110036,Productivity,chrome.exe,Study guide for Materials for Mechanical Engineers 2025 final.pdf - Google Chrome,19
20260721_110036,Productivity,chrome.exe,Studium - Google Sheets - Google Chrome,243
20260721_110036,Productivity,Spotify.exe,Dave - Disaster (feat. J Hus),16
20260721_110036,Productivity,python.exe,Session Abschluss,6
20260721_110036,Pause,python.exe,Flow Tracker,6
20260721_110036,Pause,Unbekannt,Desktop / Unbekannt,3
20260721_110036,Pause,LockApp.exe,Windows-Standardsperrbildschirm,321
20260721_110036,Productivity,python.exe,Flow Tracker,14
20260721_110036,Productivity,pythonw.exe,Hinzufügen,5
20260721_110036,Productivity,chrome.exe,Materials_Cheatsheet - Online LaTeX Editor Overleaf - Google Chrome,97
20260721_110036,Productivity,chrome.exe,Millersche Indizes - Gitterebenen: Formel & Beispiel · [mit Video] - Google Chrome,2
20260721_110036,Productivity,chrome.exe,Miller-Indizes - Google Suche - Google Chrome,4
20260721_110036,Productivity,Spotify.exe,Spotify Premium,2
20260721_110036,Productivity,Spotify.exe,Dave - Thiago Silva,10
20260721_110036,Productivity,chrome.exe,Hexagonal dichteste Packung - Google Suche - Google Chrome,9
20260721_110036,Productivity,chrome.exe,Materials for Engineers Ductility.pdf - Google Chrome,4
20260721_110036,Productivity,chrome.exe,Study guide for Materials for Mechanical Engineers 2025 final.pdf - Google Chrome,6
20260721_110036,Productivity,chrome.exe,Gemini Notebook - Google Chrome,1292
20260721_110036,Productivity,Spotify.exe,Lethal Bizzle - I Win,7
20260721_110036,Productivity,Spotify.exe,Jazzrausch Bigband - When the Lights Are Low,7
20260721_110036,Productivity,Spotify.exe,Bad Boombox - Delightfuldisko,2
20260721_110036,Productivity,Spotify.exe,L.zwo - Designer Section,7
20260721_110036,Productivity,python.exe,Session Abschluss,4
20260721_110036,Pause,python.exe,Flow Tracker,8
20260721_110036,Pause,LockApp.exe,Windows-Standardsperrbildschirm,440
20260721_110036,Pause,Unbekannt,Desktop / Unbekannt,8
20260721_110036,Productivity,python.exe,Flow Tracker,5
20260721_110036,Productivity,pythonw.exe,Hinzufügen,4
20260721_110036,Productivity,chrome.exe,Materials_Cheatsheet - Online LaTeX Editor Overleaf - Google Chrome,1335
20260721_110036,Productivity,Spotify.exe,Spotify Premium,2
20260721_110036,Productivity,Spotify.exe,EARGASM GOD - EXCUSE ME,5
20260721_110036,Productivity,chrome.exe,Keramikherstellung: Aufgabe und Zielkonflikt - Google Gemini - Google Chrome,2
20260721_110036,Productivity,chrome.exe,Gemini Notebook - Google Chrome,363
20260721_110036,Productivity,explorer.exe,Programmumschaltung,1
20260721_110036,Productivity,Unbekannt,Desktop / Unbekannt,4
20260721_110036,Productivity,LockApp.exe,Windows-Standardsperrbildschirm,1
20260721_110036,Productivity,python.exe,Session Abschluss,4
20260721_110036,Mittag Essen,python.exe,Flow Tracker,237
20260721_110036,Mittag Essen,Unbekannt,Desktop / Unbekannt,3
20260721_110036,Mittag Essen,LockApp.exe,Windows-Standardsperrbildschirm,2035
20260721_110036,Productivity,python.exe,Flow Tracker,5
20260721_110036,Productivity,pythonw.exe,Hinzufügen,6
20260721_110036,Productivity,explorer.exe,Ohne Titel,20
20260721_110036,Productivity,pythonw.exe,Benutzer 1 - Anki,1384
20260721_110036,Productivity,explorer.exe,Program Manager,3
20260721_110036,Productivity,explorer.exe,Aktive Anwendungen,1
20260721_110036,Productivity,SearchHost.exe,Suche,4
20260721_110036,Productivity,chrome.exe,Materials_Cheatsheet - Online LaTeX Editor Overleaf - Google Chrome,1
20260721_110036,Productivity,chrome.exe,Neuer Tab - Google Chrome,4
20260721_110036,Productivity,chrome.exe,Vesicular export - Google Suche - Google Chrome,32
20260721_110036,Productivity,Spotify.exe,Spotify Premium,1
20260721_110036,Productivity,Spotify.exe,mischluft - BOUNCE N BREAK,4
20260721_110036,Productivity,Spotify.exe,Monolink - Rearrange My Mind,2
20260721_110036,Productivity,pythonw.exe,Angezeigte Karte bearbeiten,109
20260721_110036,Productivity,SnippingTool.exe,Snipping Tool Überlagerung,4
20260721_110036,Productivity,chrome.exe,gemini.google.com/app - Google Chrome,1
20260721_110036,Productivity,chrome.exe,Google Gemini - Google Chrome,48
20260721_110036,Productivity,chrome.exe,Räumliche und Zeitliche Differenzenmethoden - Google Gemini - Google Chrome,115
20260721_110036,Productivity,Spotify.exe,HOSH - Blinded,1
20260721_110036,Productivity,python.exe,Session Abschluss,5
20260721_110036,Pause,python.exe,Flow Tracker,31
20260721_110036,Pause,LockApp.exe,Windows-Standardsperrbildschirm,589
20260721_110036,Pause,Unbekannt,Desktop / Unbekannt,4
20260721_110036,Productivity,python.exe,Flow Tracker,59
20260721_110036,Productivity,pythonw.exe,Benutzer 1 - Anki,22
20260721_110036,Productivity,chrome.exe,Räumliche und Zeitliche Differenzenmethoden - Google Gemini - Google Chrome,4
20260721_110036,Productivity,Spotify.exe,Spotify Premium,2
20260721_110036,Productivity,Spotify.exe,Kleintierschaukel - Radio Crash feat. Christopher Schwarzwalder,7
20260721_110036,Productivity,pythonw.exe,Überprüfung läuft …,2
20260721_110036,Productivity,explorer.exe,Ohne Titel,7
20260721_110036,Productivity,chrome.exe,Solutions for Ductility.pdf - Google Chrome,2
20260721_110036,Productivity,chrome.exe,Gemini Notebook - Google Chrome,1237
20260721_110036,Productivity,chrome.exe,Study guide for Materials for Mechanical Engineers 2025 final.pdf - Google Chrome,6
20260721_110036,Productivity,chrome.exe,Keramikherstellung: Aufgabe und Zielkonflikt - Google Gemini - Google Chrome,6
20260721_110036,Productivity,explorer.exe,Program Manager,2
20260721_110036,Productivity,SearchHost.exe,Suche,1
20260721_110036,Productivity,pythonw.exe,Hinzufügen,925
20260721_110036,Productivity,pythonw.exe,Stapel wählen,3
20260721_110036,Productivity,chrome.exe,Neuer Tab - Google Chrome,3
20260721_110036,Productivity,chrome.exe,shape memory alloy - Google Suche - Google Chrome,6
20260721_110036,Productivity,chrome.exe,shape memory - Google Suche - Google Chrome,99
20260721_110036,Productivity,chrome.exe,Materials_Cheatsheet - Online LaTeX Editor Overleaf - Google Chrome,1
20260721_110036,Productivity,SnippingTool.exe,Snipping Tool Überlagerung,4
20260721_110036,Productivity,Spotify.exe,Hugo Samba - Entre Luna Y Sol,1
20260721_110036,Productivity,pythonw.exe,Kartenverwaltung (1 von 1 Karten ausgewählt),81
20260721_110036,Productivity,ShellHost.exe,Schnelleinstellungen,4
20260721_110036,Productivity,chrome.exe,Superalsticity - Google Suche - Google Chrome,88
20260721_110036,Productivity,explorer.exe,Andockhilfe,5
20260721_110036,Productivity,python.exe,Session Abschluss,7
20260721_110036,Pause,python.exe,Flow Tracker,182
20260721_110036,Pause,LockApp.exe,Windows-Standardsperrbildschirm,610
20260721_110036,Pause,Unbekannt,Desktop / Unbekannt,3
20260721_110036,Pause,Code.exe,session_aktivitaeten.csv - Try 1 - Visual Studio Code,16
20260721_110036,Productivity,python.exe,Flow Tracker,7
20260721_110036,Productivity,python.exe,Session Abschluss,4
20260721_110036,Pause,python.exe,Flow Tracker,9
20260721_110036,Pause,Code.exe,session_aktivitaeten.csv - Try 1 - Visual Studio Code,10
20260721_110036,Productivity,python.exe,Flow Tracker,10
20260721_110036,Productivity,pythonw.exe,Hinzufügen,8
20260721_110036,Productivity,chrome.exe,Gemini Notebook - Google Chrome,360
20260721_110036,Productivity,Spotify.exe,Spotify Premium,2
20260721_110036,Productivity,Spotify.exe,Viken Arman - Believe,1
20260721_110036,Productivity,chrome.exe,Materials_Cheatsheet - Online LaTeX Editor Overleaf - Google Chrome,886
20260721_110036,Productivity,chrome.exe,Study guide for Materials for Mechanical Engineers 2025 final.pdf - Google Chrome,3
20260721_110036,Productivity,chrome.exe,Keramikherstellung: Aufgabe und Zielkonflikt - Google Gemini - Google Chrome,1
20260721_110036,Productivity,Spotify.exe,Iorie - Golden Spree,3
20260721_110036,Productivity,Spotify.exe,MEUTE - Slow Loris,6
20260721_110036,Productivity,chrome.exe,Neuer Tab - Google Chrome,3
20260721_110036,Productivity,chrome.exe,flow tracker - Google Suche - Google Chrome,28
20260721_110036,Productivity,chrome.exe,Vesicular export - Google Suche - Google Chrome,4
20260721_110036,Productivity,chrome.exe,Räumliche und Zeitliche Differenzenmethoden - Google Gemini - Google Chrome,2
20260721_110036,Productivity,python.exe,Session Abschluss,4
20260721_110036,Pause,python.exe,Flow Tracker,6
20260721_110036,Pause,pythonw.exe,Hinzufügen,3
20260721_110036,Pause,chrome.exe,Materials_Cheatsheet - Online LaTeX Editor Overleaf - Google Chrome,25
20260721_110036,Pause,Unbekannt,Desktop / Unbekannt,8
20260721_110036,Pause,LockApp.exe,Windows-Standardsperrbildschirm,620
20260721_110036,Productivity,python.exe,Flow Tracker,8
20260721_110036,Productivity,pythonw.exe,Hinzufügen,395
20260721_110036,Productivity,chrome.exe,Materials_Cheatsheet - Online LaTeX Editor Overleaf - Google Chrome,487
20260721_110036,Productivity,chrome.exe,Study guide for Materials for Mechanical Engineers 2025 final.pdf - Google Chrome,300
20260721_110036,Productivity,chrome.exe,Kurs: 327-3002-00L Materials for Mechanical Engineers FS2026 | Moodle Course - Google Chrome,6
20260721_110036,Productivity,chrome.exe,Gemini Notebook - Google Chrome,640
20260721_110036,Productivity,chrome.exe,Keramikherstellung: Aufgabe und Zielkonflikt - Google Gemini - Google Chrome,9
20260721_110036,Productivity,chrome.exe,Superalsticity - Google Suche - Google Chrome,5
20260721_110036,Productivity,chrome.exe,η - Google Suche - Google Chrome,5
20260721_110036,Productivity,chrome.exe,Google Übersetzer - Google Chrome,28
20260721_110036,Productivity,pythonw.exe,Notiztyp wählen,8
20260721_110036,Productivity,python.exe,Session Abschluss,5
20260721_110036,Pause,python.exe,Flow Tracker,13
20260721_110036,Pause,LockApp.exe,Windows-Standardsperrbildschirm,719
20260721_110036,Pause,Unbekannt,Desktop / Unbekannt,4
20260721_110036,Productivity,python.exe,Flow Tracker,8
20260721_110036,Productivity,pythonw.exe,Hinzufügen,298
20260721_110036,Productivity,chrome.exe,Gemini Notebook - Google Chrome,819
20260721_110036,Productivity,pythonw.exe,Benutzer 1 - Anki,1
20260721_110036,Productivity,explorer.exe,Aktive Anwendungen,2
20260721_110036,Productivity,chrome.exe,Materials_Cheatsheet - Online LaTeX Editor Overleaf - Google Chrome,300
20260721_110036,Productivity,Spotify.exe,Spotify Premium,2
20260721_110036,Productivity,chrome.exe,Kurs: 327-3002-00L Materials for Mechanical Engineers FS2026 | Moodle Course - Google Chrome,44
20260721_110036,Productivity,chrome.exe,Google Übersetzer - Google Chrome,15
20260721_110036,Productivity,chrome.exe,Keramikherstellung: Aufgabe und Zielkonflikt - Google Gemini - Google Chrome,4
20260721_110036,Productivity,chrome.exe,Study guide for Materials for Mechanical Engineers 2025 final.pdf - Google Chrome,85
20260721_110036,Productivity,chrome.exe,Log in to the site | Moodle Course - Google Chrome,4
20260721_110036,Productivity,chrome.exe,Web Login Service - Google Chrome,4
20260721_110036,Productivity,CredentialUIBroker.exe,Windows-Sicherheit,3
20260721_110036,Productivity,chrome.exe,aai-logon.ethz.ch/idp/profile/SAML2/Redirect/SSO?execution=e1s3 - Google Chrome,1
20260721_110036,Productivity,python.exe,Session Abschluss,4
20260721_110036,Productivity,python.exe,Flow Tracker,8
20260721_110036,Productivity,pythonw.exe,Hinzufügen,298
20260721_110036,Productivity,chrome.exe,Gemini Notebook - Google Chrome,819
20260721_110036,Productivity,pythonw.exe,Benutzer 1 - Anki,1
20260721_110036,Productivity,explorer.exe,Aktive Anwendungen,2
20260721_110036,Productivity,chrome.exe,Materials_Cheatsheet - Online LaTeX Editor Overleaf - Google Chrome,300
20260721_110036,Productivity,Spotify.exe,Spotify Premium,2
20260721_110036,Productivity,chrome.exe,Kurs: 327-3002-00L Materials for Mechanical Engineers FS2026 | Moodle Course - Google Chrome,44
20260721_110036,Productivity,chrome.exe,Google Übersetzer - Google Chrome,15
20260721_110036,Productivity,chrome.exe,Keramikherstellung: Aufgabe und Zielkonflikt - Google Gemini - Google Chrome,4
20260721_110036,Productivity,chrome.exe,Study guide for Materials for Mechanical Engineers 2025 final.pdf - Google Chrome,85
20260721_110036,Productivity,chrome.exe,Log in to the site | Moodle Course - Google Chrome,4
20260721_110036,Productivity,chrome.exe,Web Login Service - Google Chrome,4
20260721_110036,Productivity,CredentialUIBroker.exe,Windows-Sicherheit,3
20260721_110036,Productivity,chrome.exe,aai-logon.ethz.ch/idp/profile/SAML2/Redirect/SSO?execution=e1s3 - Google Chrome,1
20260721_110036,Productivity,python.exe,Session Abschluss,4
20260722_101824,Productivity,python.exe,Flow Tracker,13
20260722_101824,Productivity,Code.exe,main.py - Try 1 - Visual Studio Code,5
20260722_101824,Productivity,Code.exe,session_events.csv - Try 1 - Visual Studio Code,15
20260722_101824,Productivity,explorer.exe,Ohne Titel,1
20260722_101824,Productivity,python.exe,Session Abschluss,3
20260722_101824,Pause,python.exe,Flow Tracker,59
20260722_101824,Pause,chrome.exe,Python Lern-Tracker mit GUI - Google Gemini - Google Chrome,22
20260722_101824,Pause,python.exe,Flow Tracker,59
20260722_101824,Pause,chrome.exe,Python Lern-Tracker mit GUI - Google Gemini - Google Chrome,22
20260722_102239,Productivity,python.exe,Flow Tracker,6
20260722_102239,Pause,python.exe,Flow Tracker,2
20260722_102429,Productivity,python.exe,Flow Tracker,5
20260722_102429,Productivity,python.exe,Session Abschluss,7
20260722_102429,Productivity,python.exe,Fehler,2
20260722_102429,Pause,python.exe,Flow Tracker,2
20260722_102429,Pause,python.exe,Flow Tracker,2
20260722_103106,Admin,python.exe,Flow Tracker,5
20260722_103656,Productivity,python.exe,Flow Tracker,11
20260722_103656,Productivity,python.exe,Session Summary,3
20260722_103656,Productivity,python.exe,Flow Tracker,11
20260722_103656,Productivity,python.exe,Session Summary,3
20260722_104259,Productivity,python.exe,Flow Tracker,5
20260722_104259,Productivity,python.exe,Session Summary,7
20260722_104259,Productivity,python.exe,Flow Tracker,5
20260722_104259,Productivity,python.exe,Session Summary,7
20260722_110018,Break,python.exe,Flow Tracker,8
20260722_110018,Break,LockApp.exe,Windows-Standardsperrbildschirm,211
20260722_110018,Break,Unbekannt,Desktop / Unbekannt,5
20260722_110018,Productivity,python.exe,Flow Tracker,30
20260722_110018,Productivity,explorer.exe,Program Manager,3
20260722_110018,Productivity,Spotify.exe,Dave - Clash (feat. Stormzy),2
20260722_110018,Productivity,chrome.exe,Kurs: 327-3002-00L Materials for Mechanical Engineers FS2026 | Moodle Course - Google Chrome,77
20260722_110018,Productivity,chrome.exe,moodle-app2.let.ethz.ch/auth/shibboleth/login.php?errorcode=4 - Google Chrome,1
20260722_110018,Productivity,chrome.exe,Log in to the site | Moodle Course - Google Chrome,2
20260722_110018,Productivity,chrome.exe,Web Login Service - Google Chrome,4
20260722_110018,Productivity,CredentialUIBroker.exe,Windows-Sicherheit,2
20260722_110018,Productivity,chrome.exe,aai-logon.ethz.ch/idp/profile/SAML2/Redirect/SSO?execution=e1s3 - Google Chrome,1
20260722_110018,Productivity,chrome.exe,Dashboard | Moodle Course - Google Chrome,20
20260722_110018,Productivity,chrome.exe,Kurs: 151-0908-00L Bioengineering FS2026 | Moodle Course - Google Chrome,12
20260722_110018,Productivity,chrome.exe,151-0908-00L 2026S: Project Submission | Moodle Course - Google Chrome,42
20260722_110018,Productivity,chrome.exe,Studium - Google Sheets - Google Chrome,85
20260722_110018,Productivity,chrome.exe,Keramikherstellung: Aufgabe und Zielkonflikt - Google Gemini - Google Chrome,6
20260722_110018,Productivity,chrome.exe,Gemini Notebook - Google Chrome,681
20260722_110018,Productivity,chrome.exe,Materials_Cheatsheet - Online LaTeX Editor Overleaf - Google Chrome,691
20260722_110018,Productivity,chrome.exe,Räumliche und Zeitliche Differenzenmethoden - Google Gemini - Google Chrome,2
20260722_110018,Productivity,chrome.exe,Neuer Tab - Google Chrome,5
20260722_110018,Productivity,chrome.exe,η - Google Suche - Google Chrome,5
20260722_110018,Productivity,chrome.exe,time-temperature-transformation (ttt) diagram - Google Suche - Google Chrome,170
20260722_110018,Productivity,explorer.exe,Programmumschaltung,1
20260722_110018,Productivity,Spotify.exe,Nemzzz - COLD,3
20260722_110018,Productivity,Spotify.exe,Hraach - Eternal Soul - Original Mix,1
20260722_110018,Productivity,chrome.exe,moodle-app2.let.ethz.ch/course/view.php?id=27131 - Google Chrome,1
20260722_110018,Productivity,chrome.exe,amorph - Google Suche - Google Chrome,59
20260722_110018,Productivity,SearchHost.exe,Suche,1
20260722_110018,Productivity,explorer.exe,Ohne Titel,33
20260722_110018,Productivity,pythonw.exe,Benutzer 1 - Anki,18
20260722_110018,Productivity,pythonw.exe,Hinzufügen,58
20260722_110018,Productivity,pythonw.exe,Stapel wählen,3
20260722_110018,Productivity,explorer.exe,Aktive Anwendungen,1
20260722_110018,Productivity,Spotify.exe,Ibu Selva - Sila,1
20260722_110018,Productivity,python.exe,Session Summary,9
20260722_110018,Break,python.exe,Flow Tracker,46
20260722_110018,Break,Unbekannt,Desktop / Unbekannt,4
20260722_110018,Break,LockApp.exe,Windows-Standardsperrbildschirm,375
20260722_110018,Productivity,python.exe,Flow Tracker,9
20260722_110018,Productivity,pythonw.exe,Hinzufügen,620
20260722_110018,Productivity,chrome.exe,Materials_Cheatsheet - Online LaTeX Editor Overleaf - Google Chrome,40
20260722_110018,Productivity,chrome.exe,Gemini Notebook - Google Chrome,1133
20260722_110018,Productivity,chrome.exe,amorph - Google Suche - Google Chrome,2
20260722_110018,Productivity,chrome.exe,time-temperature-transformation (ttt) diagram - Google Suche - Google Chrome,26
20260722_110018,Productivity,chrome.exe,youtube.com/watch?v=Ue70mEOqVjs - Google Chrome,1
20260722_110018,Productivity,chrome.exe,TTT Diagram EXPLAINED|Time Temperature Transformation Diagram/Curves | ENGINEERING STUDY MATERIALS - YouTube - Google Chrome,5
20260722_110018,Productivity,chrome.exe,(6) TTT Diagram EXPLAINED|Time Temperature Transformation Diagram/Curves | ENGINEERING STUDY MATERIALS - YouTube - Google Chrome,52
20260722_110018,Productivity,chrome.exe,youtube.com/watch?v=AtED9kAdYH0 - Google Chrome,1
20260722_110018,Productivity,chrome.exe,Time-Temperature-Transformation Diagram - YouTube - Google Chrome,4
20260722_110018,Productivity,chrome.exe,(6) Time-Temperature-Transformation Diagram - YouTube - Google Chrome,145
20260722_110018,Productivity,Spotify.exe,Spotify Premium,1
20260722_110018,Productivity,Spotify.exe,Iorie - Our Mutual Friend,3
20260722_110018,Productivity,chrome.exe,Study guide for Materials for Mechanical Engineers 2025 final.pdf - Google Chrome,60
20260722_110018,Productivity,chrome.exe,Kurs: 327-3002-00L Materials for Mechanical Engineers FS2026 | Moodle Course - Google Chrome,37
20260722_110018,Productivity,chrome.exe,Keramikherstellung: Aufgabe und Zielkonflikt - Google Gemini - Google Chrome,4
20260722_110018,Productivity,chrome.exe,moodle-app2.let.ethz.ch/pluginfile.php/2552327/mod_resource/content/3/Biological Materials Exercises 2026.pdf - Google Chrome,1
20260722_110018,Productivity,chrome.exe,Biological Materials Exercises 2026 - Google Chrome,5
20260722_110018,Productivity,chrome.exe,Speichern unter,4
20260722_110018,Productivity,chrome.exe,moodle-app2.let.ethz.ch/pluginfile.php/2469109/mod_resource/content/4/Materials made by Organisms.pdf - Google Chrome,1
20260722_110018,Productivity,chrome.exe,Materials made by Organisms - Google Chrome,5
20260722_110018,Productivity,explorer.exe,Ohne Titel,1
20260722_110018,Productivity,pythonw.exe,Benutzer 1 - Anki,1
20260722_110018,Productivity,chrome.exe,Google Chrome,2
20260722_110018,Productivity,chrome.exe,Neuer Tab - Google Chrome,6
20260722_110018,Productivity,chrome.exe,latex proportional zeichen - Google Suche - Google Chrome,12
20260722_110018,Productivity,Spotify.exe,Mash - Style Is The Answer - A Deeper Groove Remix,3
20260722_110018,Productivity,chrome.exe,Google Übersetzer - Google Chrome,14
20260722_110018,Productivity,Unbekannt,Desktop / Unbekannt,4
20260722_110018,Productivity,LockApp.exe,Windows-Standardsperrbildschirm,2
20260722_110018,Productivity,python.exe,Session Summary,4
20260722_110018,Break,python.exe,Flow Tracker,11
20260722_110018,Break,Unbekannt,Desktop / Unbekannt,3
20260722_110018,Break,LockApp.exe,Windows-Standardsperrbildschirm,409
20260722_110018,Productivity,python.exe,Flow Tracker,8
20260722_110018,Productivity,pythonw.exe,Hinzufügen,42
20260722_110018,Productivity,chrome.exe,Gemini Notebook - Google Chrome,674
20260722_110018,Productivity,chrome.exe,Keramikherstellung: Aufgabe und Zielkonflikt - Google Gemini - Google Chrome,10
20260722_110018,Productivity,chrome.exe,Study guide for Materials for Mechanical Engineers 2025 final.pdf - Google Chrome,67
20260722_110018,Productivity,chrome.exe,Kurs: 327-3002-00L Materials for Mechanical Engineers FS2026 | Moodle Course - Google Chrome,2
20260722_110018,Productivity,chrome.exe,Materials_Cheatsheet - Online LaTeX Editor Overleaf - Google Chrome,706
20260722_110018,Productivity,Spotify.exe,Spotify Premium,2
20260722_110018,Productivity,chrome.exe,Google Übersetzer - Google Chrome,15
20260722_110018,Productivity,SearchHost.exe,Suche,3
20260722_110018,Productivity,chrome.exe,time-temperature-transformation (ttt) diagram - Google Suche - Google Chrome,2
20260722_110018,Productivity,chrome.exe,morphologies - Google Suche - Google Chrome,28
20260722_110018,Productivity,Unbekannt,Desktop / Unbekannt,3
20260722_110018,Productivity,LockApp.exe,Windows-Standardsperrbildschirm,2
20260722_110018,Productivity,python.exe,Session Summary,6
20260722_110018,Lunch,python.exe,Flow Tracker,6
20260722_110018,Lunch,Unbekannt,Desktop / Unbekannt,292
20260722_110018,Lunch,LockApp.exe,Windows-Standardsperrbildschirm,908
20260722_110018,Lunch,explorer.exe,UnlockingWindow,1
20260722_110018,Lunch,pythonw.exe,Hinzufügen,3
20260722_110018,Lunch,chrome.exe,Gemini Notebook - Google Chrome,1
20260722_110018,Lunch,chrome.exe,Neuer Tab - Google Chrome,5
20260722_110018,Lunch,chrome.exe,Gmail - Google Chrome,4
20260722_110018,Lunch,chrome.exe,Posteingang (5.504) - tgluecklich@gmail.com - Gmail - Google Chrome,159
20260722_110018,Lunch,chrome.exe,WG: Abholeinladung - tgluecklich@gmail.com - Gmail - Google Chrome,703
20260722_110018,Lunch,EaseOfAccessDialog.exe,Einrastfunktion,4
20260722_110018,Lunch,chrome.exe,Gmail - WG: Abholeinladung - Google Chrome,5
20260722_110018,Lunch,chrome.exe,"Tilman, neue Treffer für deine gespeicherten Suchen! - tgluecklich@gmail.com - Gmail - Google Chrome",303
20260722_110018,Lunch,chrome.exe,Posteingang (5.503) - tgluecklich@gmail.com - Gmail - Google Chrome,287
20260722_110018,Productivity,python.exe,Flow Tracker,5
20260722_110018,Productivity,chrome.exe,Posteingang (5.503) - tgluecklich@gmail.com - Gmail - Google Chrome,3
20260722_110018,Productivity,chrome.exe,Materials_Cheatsheet - Online LaTeX Editor Overleaf - Google Chrome,692
20260722_110018,Productivity,chrome.exe,Gemini Notebook - Google Chrome,710
20260722_110018,Productivity,pythonw.exe,Hinzufügen,29
20260722_110018,Productivity,Spotify.exe,Spotify Premium,2
20260722_110018,Productivity,chrome.exe,Google Übersetzer - Google Chrome,23
20260722_110018,Productivity,pythonw.exe,Stapel wählen,5
20260722_110018,Productivity,pythonw.exe,Notiztyp wählen,5
20260722_110018,Productivity,chrome.exe,Keramikherstellung: Aufgabe und Zielkonflikt - Google Gemini - Google Chrome,2
20260722_110018,Productivity,chrome.exe,Studium - Google Sheets - Google Chrome,1
20260722_110018,Productivity,chrome.exe,morphologies - Google Suche - Google Chrome,2
20260722_110018,Productivity,chrome.exe,Amorphous Polymers - Google Suche - Google Chrome,39
20260722_110018,Productivity,chrome.exe,Amorphous - Google Suche - Google Chrome,9
20260722_110018,Productivity,python.exe,Session Summary,5
20260722_110018,Break,python.exe,Flow Tracker,13
20260722_110018,Break,Unbekannt,Desktop / Unbekannt,2
20260722_110018,Break,LockApp.exe,Windows-Standardsperrbildschirm,358
20260722_110018,Productivity,python.exe,Flow Tracker,11
20260722_110018,Productivity,LockApp.exe,Windows-Standardsperrbildschirm,911
20260722_110018,Productivity,Unbekannt,Desktop / Unbekannt,5
20260722_110018,Productivity,pythonw.exe,Hinzufügen,3
20260722_110018,Productivity,pythonw.exe,Benutzer 1 - Anki,4
20260722_110018,Productivity,pythonw.exe,Überprüfung läuft …,1
20260722_110018,Productivity,python.exe,Session Summary,13
20260722_110018,Break,python.exe,Flow Tracker,5
20260722_151947,Break,python.exe,Flow Tracker,5
20260722_151947,Other,python.exe,Flow Tracker,2
20260722_151947,Break,python.exe,Flow Tracker,15
20260722_151947,Break,Unbekannt,Desktop / Unbekannt,4
20260722_151947,Break,LockApp.exe,Windows-Standardsperrbildschirm,380
20260722_151947,Productivity,python.exe,Flow Tracker,30
20260722_151947,Productivity,pythonw.exe,Benutzer 1 - Anki,11
20260722_151947,Productivity,chrome.exe,Gemini Notebook - Google Chrome,1062
20260722_151947,Productivity,Spotify.exe,Spotify Premium,3
20260722_151947,Productivity,Spotify.exe,Honey Dijon - Thunda (feat. John Mendelsohn) - Rampa Remix,8
20260722_151947,Productivity,chrome.exe,Materials_Cheatsheet - Online LaTeX Editor Overleaf - Google Chrome,425
20260722_151947,Productivity,chrome.exe,Study guide for Materials for Mechanical Engineers 2025 final.pdf - Google Chrome,94
20260722_151947,Productivity,Spotify.exe,Wide Awake - Dollars in the Desert,8
20260722_151947,Productivity,Spotify.exe,Schrotthagen - Full Moon,15
20260722_151947,Productivity,pythonw.exe,Hinzufügen,152
20260722_151947,Productivity,Spotify.exe,Mr. Bounce - Off The Jump,9
20260722_151947,Productivity,Spotify.exe,FISHER - Just Feels Tight,13
20260722_151947,Productivity,Spotify.exe,Zimmz - Pragmatic,1
20260722_151947,Productivity,Spotify.exe,Deborah de Luca - Minimal,5
20260722_151947,Productivity,explorer.exe,Aktive Anwendungen,4
20260722_151947,Productivity,explorer.exe,Ohne Titel,3
20260722_151947,Productivity,Spotify.exe,Charlotte de Witte - Vision,2
20260722_151947,Productivity,chrome.exe,Kurs: 327-3002-00L Materials for Mechanical Engineers FS2026 | Moodle Course - Google Chrome,2
20260722_151947,Productivity,LockApp.exe,Windows-Standardsperrbildschirm,133
20260722_151947,Productivity,Unbekannt,Desktop / Unbekannt,6
20260722_151947,Productivity,chrome.exe,Studium - Google Sheets - Google Chrome,19
20260722_151947,Productivity,Spotify.exe,T78 - Acid Lick,1
20260722_151947,Productivity,chrome.exe,Räumliche und Zeitliche Differenzenmethoden - Google Gemini - Google Chrome,3
20260722_151947,Productivity,chrome.exe,Amorphous - Google Suche - Google Chrome,10
20260722_151947,Productivity,chrome.exe,Posteingang (5.502) - tgluecklich@gmail.com - Gmail - Google Chrome,2
20260722_151947,Productivity,chrome.exe,Neuer Tab - Google Chrome,5
20260722_151947,Productivity,chrome.exe,‎Google Gemini - Google Chrome,1
20260722_151947,Productivity,chrome.exe,Diffusionszeit-Formel: Variablen und Bedeutung - Google Gemini - Google Chrome,37
20260722_151947,Productivity,chrome.exe,Bioengineering - Gemini Notebook - Google Chrome,2
20260722_151947,Productivity,chrome.exe,Log in to the site | Moodle Course - Google Chrome,8
20260722_151947,Productivity,Spotify.exe,Ilija Djokovic - Eris,20
20260722_151947,Productivity,chrome.exe,Web Login Service - Google Chrome,3
20260722_151947,Productivity,CredentialUIBroker.exe,Windows-Sicherheit,3
20260722_151947,Productivity,chrome.exe,moodle-app2.let.ethz.ch/pluginfile.php/2536208/mod_resource/content/1/Summary exercise 4_2026.pdf - Google Chrome,1
20260722_151947,Productivity,chrome.exe,PowerPoint Presentation - Google Chrome,63
20260722_151947,Productivity,chrome.exe,Keramikherstellung: Aufgabe und Zielkonflikt - Google Gemini - Google Chrome,2
20260722_151947,Productivity,pythonw.exe,Synchronisierung wird durchgeführt …,1
20260722_151947,Productivity,python.exe,Session Summary,5
20260722_151947,Break,python.exe,Flow Tracker,66
20260722_151947,Break,Unbekannt,Desktop / Unbekannt,621
20260722_151947,Break,LockApp.exe,Windows-Standardsperrbildschirm,6
20260722_151947,Break,python.exe,Flow Tracker,66
20260722_151947,Break,Unbekannt,Desktop / Unbekannt,621
20260722_151947,Break,LockApp.exe,Windows-Standardsperrbildschirm,6
20260724_105730,Productivity,python.exe,Flow Tracker,18
20260724_105730,Productivity,chrome.exe,Gemini Notebook - Google Chrome,3
20260724_105730,Productivity,chrome.exe,Materials - Gemini Notebook - Google Chrome,2
20260724_105730,Productivity,chrome.exe,‎Google Gemini - Google Chrome,2
20260724_105730,Productivity,chrome.exe,Google Gemini - Google Chrome,1
20260724_105730,Productivity,chrome.exe,Diffusionszeit-Formel: Variablen und Bedeutung - Google Gemini - Google Chrome,67
20260724_105730,Productivity,chrome.exe,Studium - Google Sheets - Google Chrome,89
20260724_105730,Productivity,chrome.exe,PowerPoint Presentation - Google Chrome,924
20260724_105730,Productivity,chrome.exe,Log in to the site | Moodle Course - Google Chrome,13
20260724_105730,Productivity,chrome.exe,Web Login Service - Google Chrome,3
20260724_105730,Productivity,CredentialUIBroker.exe,Windows-Sicherheit,3
20260724_105730,Productivity,chrome.exe,aai-logon.ethz.ch/idp/profile/SAML2/Redirect/SSO?execution=e1s3 - Google Chrome,1
20260724_105730,Productivity,chrome.exe,Dashboard | Moodle Course - Google Chrome,11
20260724_105730,Productivity,chrome.exe,Kurs: 151-0518-00L Introduction to Finite Element Analysis FS2026 | Moodle Course - Google Chrome,3
20260724_105730,Productivity,chrome.exe,Course Forum (for asking and answering questions) | Moodle Course - Google Chrome,33
20260724_105730,Productivity,chrome.exe,151-0518-00L 2026S: Weekly Stack - Week 2 Question 2 | Moodle Course - Google Chrome,32
20260724_105730,Productivity,chrome.exe,Bioengineering - Gemini Notebook - Google Chrome,196
20260724_105730,Productivity,chrome.exe,Kurs: 151-0908-00L Bioengineering FS2026 | Moodle Course - Google Chrome,28
20260724_105730,Productivity,chrome.exe,Neuer Tab - Google Chrome,11
20260724_105730,Productivity,chrome.exe,wildcampen in kroatien - Google Suche - Google Chrome,21
20260724_105730,Productivity,chrome.exe,Wildcampen und frei Stehen in Kroatien | roadsurfer.com - Google Chrome,128
20260724_105730,Productivity,chrome.exe,Campingplätze entdecken & buchen | roadsurfer spots - Google Chrome,39
20260724_105730,Productivity,chrome.exe,roadsurfer.com möchte:,2
20260724_105730,Productivity,chrome.exe,Unbenannt - Google Chrome,2
20260724_105730,Productivity,chrome.exe,Jetzt den besten Stellplatz finden: roadsurfer spots - Google Chrome,66
20260724_105730,Productivity,chrome.exe,Campingplatz finden | außergewöhnlich & schön | roadsurfer - Google Chrome,41
20260724_105730,Productivity,chrome.exe,Google Maps - Google Chrome,42
20260724_105730,Productivity,chrome.exe,Anmeldeseite | Moodle Course - Google Chrome,4
20260724_105730,Productivity,explorer.exe,Ohne Titel,2
20260724_105730,Productivity,ShellExperienceHost.exe,Sprungliste für Spotify,3
20260724_105730,Productivity,Spotify.exe,Spotify Premium,4
20260724_105730,Productivity,Spotify.exe,Michael Klein - Scream,6
20260724_105730,Productivity,chrome.exe,Community Solutions - Google Chrome,2
20260724_105730,Productivity,chrome.exe,Login Prüfungssammlung - Google Chrome,2
20260724_105730,Productivity,chrome.exe,Organisation Selection - Google Chrome,2
20260724_105730,Productivity,chrome.exe,Web Login Service - Saving Session Information... - Google Chrome,1
20260724_105730,Productivity,chrome.exe,aai-logon.ethz.ch/idp/profile/SAML2/Redirect/SSO?execution=e1s2 - Google Chrome,1
20260724_105730,Productivity,chrome.exe,Bioengineering Prüfungssammlung - Google Chrome,54
20260724_105730,Productivity,SnippingTool.exe,Snipping Tool Überlagerung,25
20260724_105730,Productivity,pythonw.exe,Benutzer 1 - Anki,2
20260724_105730,Productivity,explorer.exe,Programmumschaltung,10
20260724_105730,Productivity,ONENOTE.EXE,Was muss drauf  - OneNote,75
20260724_105730,Productivity,chrome.exe,Web Login Service - Stale Request - Google Chrome,1
20260724_105730,Productivity,chrome.exe,moodle-app2.let.ethz.ch/pluginfile.php/2539574/mod_resource/content/1/Summary exercise 5_2026.pdf - Google Chrome,2
20260724_105730,Productivity,chrome.exe,Summary exercise 5_2026.pdf - Google Chrome,62
20260724_105730,Productivity,chrome.exe,Solutions for Ductility.pdf - Google Chrome,2
20260724_105730,Productivity,WINWORD.EXE,Dokument1 - Word,3
20260724_105730,Productivity,WINWORD.EXE,Ohne Titel,1
20260724_105730,Productivity,python.exe,Session Summary,6
20260724_105730,Break,python.exe,Flow Tracker,10
20260724_105730,Break,Unbekannt,Desktop / Unbekannt,4
20260724_105730,Break,LockApp.exe,Windows-Standardsperrbildschirm,245
20260724_105730,Productivity,python.exe,Flow Tracker,6
20260724_105730,Productivity,pythonw.exe,Benutzer 1 - Anki,8
20260724_105730,Productivity,chrome.exe,Summary exercise 5_2026.pdf - Google Chrome,115
20260724_105730,Productivity,Spotify.exe,Spotify Premium,4
20260724_105730,Productivity,Spotify.exe,L.zwo - Bassimpact,4
20260724_105730,Productivity,chrome.exe,Bioengineering - Gemini Notebook - Google Chrome,1019
20260724_105730,Productivity,chrome.exe,Diffusionszeit-Formel: Variablen und Bedeutung - Google Gemini - Google Chrome,17
20260724_105730,Productivity,chrome.exe,Studium - Google Sheets - Google Chrome,85
20260724_105730,Productivity,chrome.exe,Kurs: 151-0908-00L Bioengineering FS2026 | Moodle Course - Google Chrome,13
20260724_105730,Productivity,pythonw.exe,Hinzufügen,279
20260724_105730,Productivity,pythonw.exe,Stapel wählen,5
20260724_105730,Productivity,explorer.exe,Programmumschaltung,1
20260724_105730,Productivity,chrome.exe,latex proportional zeichen - Google Suche - Google Chrome,1
20260724_105730,Productivity,ONENOTE.EXE,Was muss drauf  - OneNote,1
20260724_105730,Productivity,chrome.exe,Bioengineering Prüfungssammlung - Google Chrome,2
20260724_105730,Productivity,chrome.exe,Neuer Tab - Google Chrome,5
20260724_105730,Productivity,chrome.exe,flux bedeutung - Google Suche - Google Chrome,38
20260724_105730,Productivity,chrome.exe,Google Übersetzer - Google Chrome,20
20260724_105730,Productivity,python.exe,Session Summary,9
20260724_105730,Break,python.exe,Flow Tracker,5
20260724_105730,Break,LockApp.exe,Windows-Standardsperrbildschirm,439
20260724_105730,Break,Unbekannt,Desktop / Unbekannt,3
20260724_105730,Productivity,python.exe,Flow Tracker,8
20260724_105730,Productivity,chrome.exe,Bioengineering - Gemini Notebook - Google Chrome,456
20260724_105730,Productivity,pythonw.exe,Hinzufügen,527
20260724_105730,Productivity,chrome.exe,flux bedeutung - Google Suche - Google Chrome,5
20260724_105730,Productivity,chrome.exe,Brownsche Molekularbewegung englsich - Google Suche - Google Chrome,6
20260724_105730,Productivity,chrome.exe,Brownsche Molekularbewegung englisch - Google Suche - Google Chrome,5
20260724_105730,Productivity,chrome.exe,Brownsche Molekularbewegung - Google Suche - Google Chrome,379
20260724_105730,Productivity,Spotify.exe,Spotify Premium,2
20260724_105730,Productivity,explorer.exe,Ohne Titel,2
20260724_105730,Productivity,chrome.exe,Kurs: 151-0908-00L Bioengineering FS2026 | Moodle Course - Google Chrome,4
20260724_105730,Productivity,chrome.exe,Summary exercise 5_2026.pdf - Google Chrome,258
20260724_105730,Productivity,Spotify.exe,Siimon - Deep Love,1
20260724_105730,Productivity,explorer.exe,Programmumschaltung,4
20260724_105730,Productivity,ONENOTE.EXE,Was muss drauf  - OneNote,87
20260724_105730,Productivity,SnippingTool.exe,Snipping Tool Überlagerung,23
20260724_105730,Productivity,chrome.exe,Diffusionszeit-Formel: Variablen und Bedeutung - Google Gemini - Google Chrome,64
20260724_105730,Productivity,explorer.exe,Aktive Anwendungen,1
20260724_105730,Productivity,chrome.exe,Google Übersetzer - Google Chrome,7
20260724_105730,Productivity,pythonw.exe,Notiztyp wählen,4
20260724_105730,Productivity,python.exe,Session Summary,6
20260724_105730,Break,python.exe,Flow Tracker,14
20260724_105730,Break,Unbekannt,Desktop / Unbekannt,3
20260724_105730,Break,LockApp.exe,Windows-Standardsperrbildschirm,917
20260724_105730,Productivity,python.exe,Flow Tracker,5
20260724_105730,Productivity,pythonw.exe,Hinzufügen,549
20260724_105730,Productivity,chrome.exe,Diffusionszeit-Formel: Variablen und Bedeutung - Google Gemini - Google Chrome,347
20260724_105730,Productivity,chrome.exe,Bioengineering - Gemini Notebook - Google Chrome,566
20260724_105730,Productivity,chrome.exe,Kurs: 151-0908-00L Bioengineering FS2026 | Moodle Course - Google Chrome,12
20260724_105730,Productivity,chrome.exe,Summary exercise 5_2026.pdf - Google Chrome,274
20260724_105730,Productivity,chrome.exe,Bioengineering Prüfungssammlung - Google Chrome,2
20260724_105730,Productivity,Spotify.exe,Spotify Premium,3
20260724_105730,Productivity,Spotify.exe,mischluft - Side To Side,4
20260724_105730,Productivity,Spotify.exe,Panteros666 - Da Kool,11
20260724_105730,Productivity,Spotify.exe,Tommy Tornado - Nachtschmetterling,85
20260724_105730,Productivity,explorer.exe,Programmumschaltung,6
20260724_105730,Productivity,ONENOTE.EXE,Was muss drauf  - OneNote,129
20260724_105730,Productivity,SnippingTool.exe,Snipping Tool Überlagerung,33
20260724_105730,Productivity,explorer.exe,Ohne Titel,1
20260724_105730,Productivity,chrome.exe,latex proportional zeichen - Google Suche - Google Chrome,2
20260724_105730,Productivity,Spotify.exe,snoritz - sorry i didn't make it to your set,5
20260724_105730,Productivity,Spotify.exe,Jath - DJ,29
20260724_105730,Productivity,Spotify.exe,Somewhen - Fever Dream,1
20260724_105730,Productivity,chrome.exe,Google Übersetzer - Google Chrome,25
20260724_105730,Productivity,pythonw.exe,Notiztyp wählen,5
20260724_105730,Productivity,pythonw.exe,Stapel wählen,3
20260724_105730,Productivity,explorer.exe,Andockhilfe,4
20260724_105730,Productivity,Unbekannt,Desktop / Unbekannt,3
20260724_105730,Productivity,LockApp.exe,Windows-Standardsperrbildschirm,3
20260724_105730,Productivity,python.exe,Session Summary,6
20260724_105730,Lunch,python.exe,Flow Tracker,56
20260724_105730,Lunch,Unbekannt,Desktop / Unbekannt,4
20260724_105730,Lunch,LockApp.exe,Windows-Standardsperrbildschirm,910
20260724_105730,Productivity,python.exe,Flow Tracker,9
20260724_105730,Productivity,pythonw.exe,Hinzufügen,173
20260724_105730,Productivity,chrome.exe,Summary exercise 5_2026.pdf - Google Chrome,357
20260724_105730,Productivity,chrome.exe,Brownsche Molekularbewegung - Google Suche - Google Chrome,7
20260724_105730,Productivity,chrome.exe,ATP hydrolisis - Google Suche - Google Chrome,2
20260724_105730,Productivity,chrome.exe,ATP hydrolysis - Google Suche - Google Chrome,31
20260724_105730,Productivity,chrome.exe,ATP Hydrolyse - Google Suche - Google Chrome,8
20260724_105730,Productivity,chrome.exe,Unbenannt - Google Chrome,1
20260724_105730,Productivity,chrome.exe,Adenosintriphosphat (ATP) • einfach erklärt · [mit Video] - Google Chrome,526
20260724_105730,Productivity,Spotify.exe,Spotify Premium,12
20260724_105730,Productivity,Spotify.exe,DJ GUESTLIST - Bring It Back,4
20260724_105730,Productivity,Spotify.exe,Tommy Tornado - Nachtschmetterling,3
20260724_105730,Productivity,chrome.exe,Bioengineering - Gemini Notebook - Google Chrome,574
20260724_105730,Productivity,chrome.exe,Kurs: 151-0908-00L Bioengineering FS2026 | Moodle Course - Google Chrome,19
20260724_105730,Productivity,SnippingTool.exe,Snipping Tool Überlagerung,29
20260724_105730,Productivity,Spotify.exe,EARGASM GOD - VOID,1
20260724_105730,Productivity,explorer.exe,Programmumschaltung,2
20260724_105730,Productivity,ONENOTE.EXE,Was muss drauf  - OneNote,247
20260724_105730,Productivity,explorer.exe,Ohne Titel,3
20260724_105730,Productivity,chrome.exe,Diffusionszeit-Formel: Variablen und Bedeutung - Google Gemini - Google Chrome,12
20260724_105730,Productivity,chrome.exe,Bioengineering Prüfungssammlung - Google Chrome,3
20260724_105730,Productivity,ONENOTE.EXE,""" - OneNote",1
20260724_105730,Productivity,ONENOTE.EXE,2_BuildingBlocks_Exercise - OneNote,1
20260724_105730,Productivity,chrome.exe,Log in to the site | Moodle Course - Google Chrome,2
20260724_105730,Productivity,chrome.exe,Web Login Service - Loading Session Information - Google Chrome,1
20260724_105730,Productivity,chrome.exe,Web Login Service - Google Chrome,6
20260724_105730,Productivity,CredentialUIBroker.exe,Windows-Sicherheit,7
20260724_105730,Productivity,chrome.exe,aai-logon.ethz.ch/idp/profile/SAML2/Redirect/SSO?execution=e1s3 - Google Chrome,1
20260724_105730,Productivity,chrome.exe,PowerPoint-Präsentation - Google Chrome,226
20260724_105730,Productivity,chrome.exe,Studium - Google Sheets - Google Chrome,23
20260724_105730,Productivity,python.exe,Session Summary,7
20260724_105730,Break,python.exe,Flow Tracker,9
20260724_105730,Break,LockApp.exe,Windows-Standardsperrbildschirm,447
20260724_105730,Break,Unbekannt,Desktop / Unbekannt,3
20260724_105730,Productivity,python.exe,Flow Tracker,30
20260724_105730,Productivity,pythonw.exe,Hinzufügen,584
20260724_105730,Productivity,chrome.exe,Bioengineering - Gemini Notebook - Google Chrome,351
20260724_105730,Productivity,chrome.exe,PowerPoint-Präsentation - Google Chrome,480
20260724_105730,Productivity,ONENOTE.EXE,Was muss drauf  - OneNote,56
20260724_105730,Productivity,chrome.exe,Kurs: 151-0908-00L Bioengineering FS2026 | Moodle Course - Google Chrome,4
20260724_105730,Productivity,SnippingTool.exe,Snipping Tool Überlagerung,29
20260724_105730,Productivity,chrome.exe,ATP Hydrolyse - Google Suche - Google Chrome,5
20260724_105730,Productivity,chrome.exe,Was ist ein axon - Google Suche - Google Chrome,70
20260724_105730,Productivity,chrome.exe,studyflix.de/biologie/axon-2777 - Google Chrome,1
20260724_105730,Productivity,chrome.exe,"Axon • einfach erklärt, Aufbau und Funktion · [mit Video] - Google Chrome",202
20260724_105730,Productivity,chrome.exe,Diffusionszeit-Formel: Variablen und Bedeutung - Google Gemini - Google Chrome,74
20260724_105730,Productivity,explorer.exe,Ohne Titel,3
20260724_105730,Productivity,chrome.exe,latex proportional zeichen - Google Suche - Google Chrome,3
20260724_105730,Productivity,chrome.exe,Adenosintriphosphat (ATP) • einfach erklärt · [mit Video] - Google Chrome,1
20260724_105730,Productivity,chrome.exe,Was ist eine synapse - Google Suche - Google Chrome,32
20260724_105730,Productivity,chrome.exe,Synapse • Aufbau und Funktion · [mit Video] - Google Chrome,282
20260724_105730,Productivity,Spotify.exe,Spotify Premium,1
20260724_105730,Productivity,Spotify.exe,Tommy Tornado - Schnellste Brille,2
20260724_105730,Productivity,Spotify.exe,Kalte Liebe - Immer wenn du fehlst,1
20260724_105730,Productivity,explorer.exe,Programmumschaltung,2
20260724_105730,Productivity,python.exe,Session Summary,6
20260724_105730,Break,python.exe,Flow Tracker,7
20260724_105730,Break,LockApp.exe,Windows-Standardsperrbildschirm,451
20260724_105730,Break,Unbekannt,Desktop / Unbekannt,398
20260724_105730,Productivity,python.exe,Flow Tracker,8
20260724_105730,Productivity,pythonw.exe,Hinzufügen,13
20260724_105730,Productivity,chrome.exe,PowerPoint-Präsentation - Google Chrome,236
20260724_105730,Productivity,chrome.exe,Diffusionszeit-Formel: Variablen und Bedeutung - Google Gemini - Google Chrome,1
20260724_105730,Productivity,chrome.exe,Bioengineering - Gemini Notebook - Google Chrome,28
20260724_105730,Productivity,ONENOTE.EXE,Was muss drauf  - OneNote,106
20260724_105730,Productivity,chrome.exe,Kurs: 151-0908-00L Bioengineering FS2026 | Moodle Course - Google Chrome,1
20260724_105730,Productivity,SnippingTool.exe,Snipping Tool Überlagerung,20
20260724_105730,Productivity,explorer.exe,Ohne Titel,1
20260724_105730,Productivity,chrome.exe,latex proportional zeichen - Google Suche - Google Chrome,1
20260724_105730,Productivity,explorer.exe,Programmumschaltung,1
20260724_105730,Productivity,pythonw.exe,Benutzer 1 - Anki,3
20260724_105730,Productivity,python.exe,Session Summary,4
20260724_105730,Break,python.exe,Flow Tracker,2
20260724_105730,Productivity,python.exe,Flow Tracker,17
20260724_105730,Productivity,Unbekannt,Desktop / Unbekannt,4
20260724_105730,Productivity,LockApp.exe,Windows-Standardsperrbildschirm,918
20260724_105730,Productivity,python.exe,Session Summary,4
20260724_105730,Break,python.exe,Flow Tracker,5
20260724_105730,Break,pythonw.exe,Benutzer 1 - Anki,304
20260724_105730,Break,pythonw.exe,Hinzufügen,118
20260724_105730,Break,ShellExperienceHost.exe,Neue Benachrichtigung,1329
20260724_105730,Break,chrome.exe,latex proportional zeichen - Google Suche - Google Chrome,8
20260724_105730,Break,chrome.exe,Neuer Tab - Google Chrome,18
20260724_105730,Break,chrome.exe,Stu - Google Suche - Google Chrome,9
20260724_105730,Break,chrome.exe,Was ist Cashback? Mit Stu von automatischem Cashback profitieren und sparen. - Google Chrome,387
20260724_105730,Break,chrome.exe,Stu login - Google Suche - Google Chrome,48
20260724_105730,Break,chrome.exe,mail.google.com/mail/u/0/?tab=rm&ogbl - Google Chrome,1
20260724_105730,Break,chrome.exe,Gmail - Google Chrome,5
20260724_105730,Break,chrome.exe,Posteingang (5.507) - tgluecklich@gmail.com - Gmail - Google Chrome,73
20260724_105730,Break,chrome.exe,Posteingang (5.508) - tgluecklich@gmail.com - Gmail - Google Chrome,2
20260724_105730,Break,chrome.exe,Email address verification - tgluecklich@gmail.com - Gmail - Google Chrome,45
20260724_105730,Break,chrome.exe,Downloadverlauf - Google Chrome,8
20260724_105730,Break,chrome.exe,Google Passwortmanager - Google Chrome,101
20260724_105730,Break,CredentialUIBroker.exe,Windows-Sicherheit,3
20260724_105730,Break,chrome.exe,stu email - Google Suche - Google Chrome,6
20260724_105730,Break,chrome.exe,stu mail - Google Suche - Google Chrome,11
20260724_105730,Break,chrome.exe,stu - Google Suche - Google Chrome,4
20260724_105730,Break,chrome.exe,Google Sheets - Google Chrome,4
20260724_105730,Break,chrome.exe,Teamsheet HS26 - Google Sheets - Google Chrome,585
20260724_105730,Break,Unbekannt,Desktop / Unbekannt,3
20260724_105730,Break,chrome.exe,Der ander blick - Google Suche - Google Chrome,3
20260724_105730,Break,chrome.exe,Der andere Blick – Die differenzierte Sicht auf die Politik in Deutschland - Google Chrome,615
20260724_105730,Break,chrome.exe,Danger Dans «Keine Angst»: Politische Gewalt ist im linken Mainstream salonfähig - Google Chrome,7
20260724_105730,Break,python.exe,Flow Tracker,5
20260724_105730,Break,pythonw.exe,Benutzer 1 - Anki,304
20260724_105730,Break,pythonw.exe,Hinzufügen,118
20260724_105730,Break,ShellExperienceHost.exe,Neue Benachrichtigung,1329
20260724_105730,Break,chrome.exe,latex proportional zeichen - Google Suche - Google Chrome,8
20260724_105730,Break,chrome.exe,Neuer Tab - Google Chrome,18
20260724_105730,Break,chrome.exe,Stu - Google Suche - Google Chrome,9
20260724_105730,Break,chrome.exe,Was ist Cashback? Mit Stu von automatischem Cashback profitieren und sparen. - Google Chrome,387
20260724_105730,Break,chrome.exe,Stu login - Google Suche - Google Chrome,48
20260724_105730,Break,chrome.exe,mail.google.com/mail/u/0/?tab=rm&ogbl - Google Chrome,1
20260724_105730,Break,chrome.exe,Gmail - Google Chrome,5
20260724_105730,Break,chrome.exe,Posteingang (5.507) - tgluecklich@gmail.com - Gmail - Google Chrome,73
20260724_105730,Break,chrome.exe,Posteingang (5.508) - tgluecklich@gmail.com - Gmail - Google Chrome,2
20260724_105730,Break,chrome.exe,Email address verification - tgluecklich@gmail.com - Gmail - Google Chrome,45
20260724_105730,Break,chrome.exe,Downloadverlauf - Google Chrome,8
20260724_105730,Break,chrome.exe,Google Passwortmanager - Google Chrome,101
20260724_105730,Break,CredentialUIBroker.exe,Windows-Sicherheit,3
20260724_105730,Break,chrome.exe,stu email - Google Suche - Google Chrome,6
20260724_105730,Break,chrome.exe,stu mail - Google Suche - Google Chrome,11
20260724_105730,Break,chrome.exe,stu - Google Suche - Google Chrome,4
20260724_105730,Break,chrome.exe,Google Sheets - Google Chrome,4
20260724_105730,Break,chrome.exe,Teamsheet HS26 - Google Sheets - Google Chrome,585
20260724_105730,Break,Unbekannt,Desktop / Unbekannt,3
20260724_105730,Break,chrome.exe,Der ander blick - Google Suche - Google Chrome,3
20260724_105730,Break,chrome.exe,Der andere Blick – Die differenzierte Sicht auf die Politik in Deutschland - Google Chrome,615
20260724_105730,Break,chrome.exe,Danger Dans «Keine Angst»: Politische Gewalt ist im linken Mainstream salonfähig - Google Chrome,7
