20260719_132423,2026-07-19,Kein Kommentar
20260719_132713,2026-07-19,Kein Kommentar
20260719_135044,2026-07-19,Kein Kommentar
20260719_135943,2026-07-19,Kein Kommentar
20260719_142835,2026-07-19,Kein Kommentar
20260719_184807,2026-07-19,Kein Kommentar
20260719_185111,2026-07-19,Test
20260719_185256,2026-07-19,Test
20260719_185625,2026-07-19,Test
20260719_185911,2026-07-19,Kein Kommentar
20260719_185921,2026-07-19,Test
20260719_185947,2026-07-19,Test
20260719_185955,2026-07-19,Kein Kommentar
20260719_190200,2026-07-19,Test
20260719_190218,2026-07-19,Test
20260720_114738,2026-07-20,Kein Kommentar
20260720_114754,2026-07-20,Kein Kommentar
20260721_110036,2026-07-21,Kein Kommentar
20260722_101243,2026-07-22,Kein Kommentar
20260722_101824,2026-07-22,Fühle mich Wach
20260722_102239,2026-07-22,Kein Kommentar
20260722_102429,2026-07-22,Kein Kommentar
20260722_102934,2026-07-22,No comment
20260722_103106,2026-07-22,No comment
20260722_103208,2026-07-22,test
20260722_103656,2026-07-22,No comment
20260722_104259,2026-07-22,No comment
20260722_110018,2026-07-22,Fühle mich Wach
20260722_151947,2026-07-22,No comment
20260722_172909,2026-07-22,No comment
20260724_105730,2026-07-24,No comment
